cpu_time,cpu_usage,h:m:s,io_in,io_out,jobid,max_pss,max_rss,max_uss,max_vms,mean_load,rule_name,s,threads,genome,library,maxlength,nrows,operation,status
8.99,580.0238902091979,0:00:06,0.0,0.04296875,0,773.94921875,784.9609375,769.7578125,2809.5390625,86.2966034533447,binary_r,6.7213,1,hg38,genomicranges,10,10_000,nearest,ok
10.59,735.1955536842346,0:00:08,0.0,0.04296875,0,859.154296875,869.9921875,854.9765625,2895.8984375,91.64641606715686,binary_r,8.0221,1,hg38,genomicranges,10,100_000,nearest,ok
16.35,1322.0017823457715,0:00:13,0.0,0.04296875,0,1226.74609375,1237.63671875,1222.55859375,3265.5390625,96.98630158792736,binary_r,13.6308,1,hg38,genomicranges,10,1_000_000,nearest,ok
79.00999999999999,7581.91674759388,0:01:22,0.0,0.04296875,0,2610.7275390625,2621.6875,2606.58984375,4653.32421875,92.306752440435,binary_r,82.1383,1,hg38,genomicranges,10,10_000_000,nearest,ok
8.96,578.1108077049256,0:00:06,0.52734375,0.04296875,0,829.3837890625,840.21875,825.1640625,2865.5234375,88.67797706005472,binary_r,6.5192,1,hg38,genomicranges,100,10_000,nearest,ok
9.55,632.5198889732361,0:00:07,0.0,0.04296875,0,835.6767578125,846.53515625,831.4921875,2871.84375,87.57274318975854,binary_r,7.2228,1,hg38,genomicranges,100,100_000,nearest,ok
16.95,1377.1151778697968,0:00:14,0.0,0.04296875,0,1220.892578125,1231.8125,1216.69921875,3257.17578125,97.4416068651594,binary_r,14.1327,1,hg38,genomicranges,100,1_000_000,nearest,ok
48.95,4583.964951539039,0:01:13,63.34375,0.04296875,0,2649.875,2660.46484375,2645.6484375,4688.265625,62.26291421711441,binary_r,73.6227,1,hg38,genomicranges,100,10_000_000,nearest,ok
9.47,627.9641771554947,0:00:06,1.07421875,0.04296875,0,877.1767578125,887.8046875,872.9453125,2912.71484375,92.06314607142949,binary_r,6.821,1,hg38,genomicranges,1000,10_000,nearest,ok
9.56,634.8335445404053,0:00:07,0.0,0.04296875,0,835.388671875,846.47265625,831.15625,2871.0859375,87.90565478529945,binary_r,7.2218,1,hg38,genomicranges,1000,100_000,nearest,ok
16.32,1317.1466145038607,0:00:13,0.0,0.04296875,0,1157.5107421875,1168.32421875,1153.31640625,3194.3046875,97.3431200561197,binary_r,13.531,1,hg38,genomicranges,1000,1_000_000,nearest,ok
78.7,7546.913492846489,0:01:22,0.01953125,0.04296875,0,2800.109375,2811.0859375,2795.890625,4909.48046875,91.10004450207484,binary_r,82.842,1,hg38,genomicranges,1000,10_000_000,nearest,ok
9.04,579.8484511137008,0:00:06,0.41796875,0.04296875,0,804.6044921875,815.609375,800.4609375,2840.640625,87.57588080341375,binary_r,6.6211,1,proteome,genomicranges,10,10_000,nearest,ok
9.99,685.0063644647598,0:00:07,0.0,0.04296875,0,863.7802734375,874.4765625,859.7578125,2898.484375,92.31010085299437,binary_r,7.4207,1,proteome,genomicranges,10,100_000,nearest,ok
17.62,1445.9560328483583,0:00:14,0.015625,0.04296875,0,1184.3017578125,1193.015625,1180.625,3217.984375,96.82264517795134,binary_r,14.9341,1,proteome,genomicranges,10,1_000_000,nearest,ok
78.89,7568.936170625686,0:01:21,0.28515625,0.04296875,0,2310.6357421875,2351.296875,2281.58984375,4374.05078125,92.70266000529594,binary_r,81.6475,1,proteome,genomicranges,10,10_000_000,nearest,ok
9.51,630.1095981121064,0:00:07,0.0,0.04296875,0,826.1494140625,837.125,821.9609375,2862.13671875,88.49405406161965,binary_r,7.1204,1,proteome,genomicranges,100,10_000,nearest,ok
10.6,735.066568183899,0:00:08,0.33203125,0.04296875,0,863.310546875,874.02734375,859.26171875,2898.25390625,90.4962706031332,binary_r,8.1226,1,proteome,genomicranges,100,100_000,nearest,ok
17.060000000000002,1390.663499546051,0:00:14,0.0,0.04296875,0,1161.2373046875,1172.5625,1157.0859375,3197.84375,95.69358719892472,binary_r,14.5325,1,proteome,genomicranges,100,1_000_000,nearest,ok
229.99,22679.67739918232,0:04:14,0.0,0.04296875,0,10685.349609375,10725.24609375,10656.71484375,12748.453125,88.94855916366957,binary_r,254.9752,1,proteome,genomicranges,100,10_000_000,nearest,ok
8.92,578.1706773996353,0:00:06,0.0,0.04296875,0,799.7802734375,810.58203125,795.5390625,2836.30078125,87.3403999337444,binary_r,6.6197,1,proteome,genomicranges,1000,10_000,nearest,ok
9.91,684.0511783361435,0:00:07,0.0,0.04296875,0,864.3466796875,874.0390625,860.3203125,2898.4921875,89.7584715793378,binary_r,7.621,1,proteome,genomicranges,1000,100_000,nearest,ok
18.5,1533.130831289291,0:00:22,25.0390625,0.04296875,0,1403.1181640625,1416.171875,1399.1796875,3457.84765625,69.54980160339215,binary_r,22.0436,1,proteome,genomicranges,1000,1_000_000,nearest,ok
109.42,10633.122574591638,0:01:59,652.38671875,0.04296875,0,98380.8203125,98431.89453125,98376.44140625,104022.3984375,88.6763225117585,binary_r,119.9094,1,proteome,genomicranges,1000,10_000_000,nearest,fail
8.96,579.8901563644409,0:00:06,0.0,0.04296875,0,779.1767578125,790.1328125,774.9765625,2815.6640625,88.92229497764563,binary_r,6.5213,1,hg38,genomicranges,10,10_000,intersection,ok
9.49,630.6421904087067,0:00:07,0.0,0.04296875,0,835.6123046875,846.484375,831.4609375,2871.77734375,89.8152701218536,binary_r,7.0215,1,hg38,genomicranges,10,100_000,intersection,ok
12.11,896.01539645195,0:00:09,0.0,0.04296875,0,952.55078125,963.4453125,948.37109375,2991.8671875,96.09948589999898,binary_r,9.3238,1,hg38,genomicranges,10,1_000_000,intersection,ok
18.67,1545.908744907379,0:00:31,0.0,0.04296875,0,1467.9345703125,1478.59765625,1463.7890625,3504.046875,48.678723536770704,binary_r,31.7574,1,hg38,genomicranges,10,10_000_000,intersection,ok
8.92,577.0400508642197,0:00:06,0.55078125,0.04296875,0,808.388671875,819.609375,804.1875,2844.625,89.8926833448967,binary_r,6.4192,1,hg38,genomicranges,100,10_000,intersection,ok
9.58,628.8499200105667,0:00:06,0.0,0.04296875,0,835.8154296875,846.56640625,831.6171875,2871.82421875,90.85980224948642,binary_r,6.9211,1,hg38,genomicranges,100,100_000,intersection,ok
12.16,898.9951090574265,0:00:09,0.0,0.046875,0,952.373046875,963.328125,948.16015625,2991.8828125,96.41657853208112,binary_r,9.3241,1,hg38,genomicranges,100,1_000_000,intersection,ok
18.78,1561.8256486177445,0:00:33,0.0078125,0.04296875,0,1429.8798828125,1442.38671875,1425.70703125,3504.046875,46.95598630818625,binary_r,33.2615,1,hg38,genomicranges,100,10_000_000,intersection,ok
8.97,578.1250416994095,0:00:06,0.0,0.04296875,0,814.60546875,825.62109375,810.40625,2851.16796875,90.04459595140389,binary_r,6.4204,1,hg38,genomicranges,1000,10_000,intersection,ok
9.52,631.4073626995087,0:00:06,0.0,0.04296875,0,834.9716796875,845.546875,830.7578125,2871.5546875,91.2342629074437,binary_r,6.9207,1,hg38,genomicranges,1000,100_000,intersection,ok
12.12,895.0714297533035,0:00:09,0.0,0.04296875,0,952.4501953125,963.171875,948.28515625,2991.890625,94.9894174493574,binary_r,9.4229,1,hg38,genomicranges,1000,1_000_000,intersection,ok
18.51,1535.8219070672992,0:00:43,0.0,0.04296875,0,1324.9033203125,1335.58203125,1320.7265625,3360.9296875,35.00263663744374,binary_r,43.8773,1,hg38,genomicranges,1000,10_000_000,intersection,ok
8.940000000000001,580.0588973760605,0:00:06,0.0,0.04296875,0,780.462890625,791.40234375,776.23828125,2816.69140625,88.95399163549762,binary_r,6.5209,1,proteome,genomicranges,10,10_000,intersection,ok
9.51,633.8429692506791,0:00:07,0.0,0.04296875,0,832.755859375,843.30859375,828.734375,2868.7578125,87.7667480168439,binary_r,7.2219,1,proteome,genomicranges,10,100_000,intersection,ok
13.909999999999998,1069.8375211000443,0:00:11,0.0078125,0.04296875,0,1003.11328125,1011.6796875,999.2265625,3036.08984375,95.28256941913745,binary_r,11.2281,1,proteome,genomicranges,10,1_000_000,intersection,ok
18.7,1554.764173316955,0:00:42,0.46484375,0.04296875,0,1180.1318359375,1221.7734375,1149.546875,3245.34375,36.60016256577518,binary_r,42.4797,1,proteome,genomicranges,10,10_000_000,intersection,ok
9.03,576.9209285974503,0:00:06,0.0,0.04296875,0,807.2265625,819.3515625,803.0546875,2844.66015625,89.87101523517948,binary_r,6.4194,1,proteome,genomicranges,100,10_000,intersection,ok
10.04,683.9352869033813,0:00:07,0.0,0.04296875,0,863.2744140625,874.09765625,859.24609375,2898.21484375,93.42374167843298,binary_r,7.3208,1,proteome,genomicranges,100,100_000,intersection,ok
13.8,1066.1211112737656,0:00:11,0.0,0.04296875,0,1004.0693359375,1014.75390625,1000.03515625,3039.62890625,95.818412447242,binary_r,11.1265,1,proteome,genomicranges,100,1_000_000,intersection,ok
48.95,4575.204204535485,0:01:07,0.15234375,0.04296875,0,4160.2841796875,4200.26171875,4131.6328125,6224.015625,67.46163833180547,binary_r,67.8193,1,proteome,genomicranges,100,10_000_000,intersection,ok
8.95,578.1529614925385,0:00:06,0.0,0.04296875,0,787.5361328125,798.796875,783.296875,2823.04296875,88.67713001893343,binary_r,6.5198,1,proteome,genomicranges,1000,10_000,intersection,ok
9.52,631.8028734207153,0:00:07,0.0,0.04296875,0,834.7216796875,843.66796875,831.0546875,2868.76171875,87.48943659074861,binary_r,7.2215,1,proteome,genomicranges,1000,100_000,intersection,ok
17.5,1428.1143057584763,0:00:14,0.0,0.04296875,0,1306.58203125,1316.75,1302.3359375,3383.91796875,96.2756424846253,binary_r,14.8336,1,proteome,genomicranges,1000,1_000_000,intersection,ok
109.22,10612.405336952208,0:02:08,652.01953125,0.04296875,0,82352.8720703125,83250.39453125,82348.4765625,86864.1875,82.52747761943449,binary_r,128.5924,1,proteome,genomicranges,1000,10_000_000,intersection,fail
9.01,578.9884838581086,0:00:06,0.0,0.04296875,0,845.0810546875,856.3515625,840.859375,2880.49609375,90.17016266844011,binary_r,6.4211,1,hg38,genomicranges,10,10_000,subtract,ok
9.61,630.6530370473862,0:00:07,0.00390625,0.04296875,0,835.041015625,845.8984375,830.84375,2871.0546875,89.82587052105141,binary_r,7.0208,1,hg38,genomicranges,10,100_000,subtract,ok
12.68,950.0416330099106,0:00:09,0.0,0.04296875,0,953.05078125,963.80078125,948.8125,2988.61328125,95.71475850189078,binary_r,9.9258,1,hg38,genomicranges,10,1_000_000,subtract,ok
18.49,1538.749994802475,0:00:33,0.0,0.04296875,0,1467.9248046875,1478.51171875,1463.74609375,3504.05078125,46.54586224405442,binary_r,33.0588,1,hg38,genomicranges,10,10_000_000,subtract,ok
8.94,577.0934871673585,0:00:06,0.01171875,0.04296875,0,801.53125,813.2578125,797.03515625,2838.61328125,88.51050422569503,binary_r,6.5201,1,hg38,genomicranges,100,10_000,subtract,ok
9.49,631.9417313337326,0:00:07,0.0,0.04296875,0,834.9208984375,845.671875,830.7421875,2871.05859375,88.74184558935517,binary_r,7.1211,1,hg38,genomicranges,100,100_000,subtract,ok
12.71,952.9762076854706,0:00:10,0.0,0.04296875,0,952.16796875,963.64453125,947.65625,2988.25390625,94.11731274829852,binary_r,10.1254,1,hg38,genomicranges,100,1_000_000,subtract,ok
18.85,1566.7891399383543,0:00:34,0.0,0.04296875,0,1466.2275390625,1476.98828125,1462.0390625,3502.1484375,45.59952564652498,binary_r,34.3598,1,hg38,genomicranges,100,10_000_000,subtract,ok
8.95,576.7787752151489,0:00:06,0.33203125,0.04296875,0,792.1015625,803.24609375,787.88671875,2828.90234375,88.46791983804773,binary_r,6.5196,1,hg38,genomicranges,1000,10_000,subtract,ok
9.53,632.9256385564804,0:00:06,0.0,0.04296875,0,834.62109375,845.19140625,830.39453125,2870.7109375,91.46675216643634,binary_r,6.9197,1,hg38,genomicranges,1000,100_000,subtract,ok
12.67,948.5251830339432,0:00:10,0.0,0.04296875,0,944.8115234375,955.765625,940.6171875,2984.625,93.67727311792976,binary_r,10.1255,1,hg38,genomicranges,1000,1_000_000,subtract,ok
18.54,1535.871126270294,0:00:34,0.0,0.04296875,0,1467.798828125,1478.27734375,1463.578125,3504.06640625,44.31040599097127,binary_r,34.6616,1,hg38,genomicranges,1000,10_000_000,subtract,ok
9.45,633.0549420833587,0:00:07,0.0,0.04296875,0,784.9873046875,795.921875,780.8203125,2821.2265625,87.6651188111728,binary_r,7.2213,1,proteome,genomicranges,10,10_000,subtract,ok
10.07,685.0367131233214,0:00:07,0.0,0.04296875,0,863.6171875,874.26953125,859.55078125,2898.41015625,92.29811202201851,binary_r,7.422,1,proteome,genomicranges,10,100_000,subtract,ok
14.45,1125.6464355945586,0:00:11,0.015625,0.04296875,0,1002.0634765625,1011.0546875,998.34765625,3035.58984375,95.16262567069114,binary_r,11.8287,1,proteome,genomicranges,10,1_000_000,subtract,ok
18.78,1557.943889093399,0:00:44,0.72265625,0.04296875,0,1191.787109375,1231.6484375,1163.0703125,3255.47265625,34.78699269474729,binary_r,44.7852,1,proteome,genomicranges,10,10_000_000,subtract,ok
9.06,578.0529617071152,0:00:06,0.0,0.04296875,0,802.345703125,813.4296875,798.16796875,2837.58984375,87.31823658805517,binary_r,6.6201,1,proteome,genomicranges,100,10_000,subtract,ok
10.06,684.6774744033813,0:00:07,0.0,0.04296875,0,860.3515625,871.88671875,856.03125,2896.1640625,91.01939504898084,binary_r,7.5223,1,proteome,genomicranges,100,100_000,subtract,ok
14.27,1116.174323821068,0:00:11,14.40234375,0.04296875,0,1024.5078125,1035.35546875,1020.44921875,3063.69140625,95.17247566518232,binary_r,11.7279,1,proteome,genomicranges,100,1_000_000,subtract,ok
48.82,4564.0182476282125,0:00:51,0.0,0.04296875,0,1978.3974609375,2019.01171875,1949.37109375,4097.10546875,89.14675773775471,binary_r,51.1967,1,proteome,genomicranges,100,10_000_000,subtract,ok
8.98,577.2113013744355,0:00:06,0.26171875,0.04296875,0,804.376953125,815.51953125,800.16015625,2841.28125,87.17825763875732,binary_r,6.621,1,proteome,genomicranges,1000,10_000,subtract,ok
10.02,682.047412610054,0:00:07,0.0,0.04296875,0,865.060546875,873.875,861.45703125,2898.23828125,91.88563014417016,binary_r,7.4228,1,proteome,genomicranges,1000,100_000,subtract,ok
14.3,1113.654515480995,0:00:11,0.0,0.04296875,0,1018.01171875,1028.5,1013.9765625,3052.98828125,93.36024358819664,binary_r,11.9286,1,proteome,genomicranges,1000,1_000_000,subtract,ok
48.91,4569.990061593056,0:00:46,29.07421875,0.04296875,0,2003.0615234375,2042.48046875,1974.84765625,4074.546875,98.93669489005524,binary_r,46.1911,1,proteome,genomicranges,1000,10_000_000,subtract,ok
9.06,579.8355384588242,0:00:06,0.0,0.04296875,0,819.298828125,830.2734375,815.1015625,2855.640625,91.74616854389942,unary_r,6.32,1,hg38,genomicranges,10,10_000,merge,ok
9.04,576.0302259445191,0:00:06,0.00390625,0.04296875,0,786.806640625,798.30859375,782.3359375,2823.66796875,88.35556415364347,unary_r,6.5195,1,hg38,genomicranges,10,100_000,merge,ok
10.56,736.8068227767944,0:00:08,0.0,0.04296875,0,897.3984375,908.55859375,893.171875,2933.64453125,89.59744374080873,unary_r,8.2235,1,hg38,genomicranges,10,1_000_000,merge,ok
18.68,1547.0454088926317,0:00:20,0.0,0.04296875,0,1369.4013671875,1387.87890625,1365.17578125,3439.4140625,74.9493935354689,unary_r,20.6412,1,hg38,genomicranges,10,10_000_000,merge,ok
8.98,576.1764980316162,0:00:06,0.37890625,0.04296875,0,817.751953125,829.55078125,813.2734375,2854.2109375,91.19251912180812,unary_r,6.3182,1,hg38,genomicranges,100,10_000,merge,ok
9.0,577.9926490306854,0:00:06,0.0,0.04296875,0,802.0283203125,813.10546875,797.83203125,2837.6328125,90.03605189614174,unary_r,6.4196,1,hg38,genomicranges,100,100_000,merge,ok
10.57,738.8476148843765,0:00:08,0.0,0.04296875,0,897.4580078125,908.2109375,893.24609375,2933.6640625,90.95767119182536,unary_r,8.123,1,hg38,genomicranges,100,1_000_000,merge,ok
18.75,1554.704589939117,0:00:19,0.0,0.04296875,0,1468.044921875,1478.8125,1463.81640625,3504.046875,79.1674534914085,unary_r,19.6382,1,hg38,genomicranges,100,10_000_000,merge,ok
8.98,578.1136687517167,0:00:06,1.45703125,0.04296875,0,775.7529296875,787.921875,771.29296875,2812.921875,90.052425319942,unary_r,6.4197,1,hg38,genomicranges,1000,10_000,merge,ok
8.97,577.2395241260529,0:00:06,0.0,0.04296875,0,799.6318359375,810.9609375,795.47265625,2835.67578125,89.89803457055118,unary_r,6.421,1,hg38,genomicranges,1000,100_000,merge,ok
10.56,738.6188752412795,0:00:08,0.0,0.04296875,0,897.544921875,908.4140625,893.3359375,2933.671875,89.82733833582223,unary_r,8.2227,1,hg38,genomicranges,1000,1_000_000,merge,ok
18.53,1535.5539439439772,0:00:18,0.0,0.04296875,0,1467.595703125,1479.03515625,1463.1171875,3504.0625,81.07320951749507,unary_r,18.9403,1,hg38,genomicranges,1000,10_000_000,merge,ok
8.91,577.1185903549194,0:00:06,0.0,0.04296875,0,800.7626953125,811.51953125,796.546875,2837.0546875,91.30421265254375,unary_r,6.3208,1,proteome,genomicranges,10,10_000,merge,ok
10.03,683.8415182828903,0:00:07,0.0,0.046875,0,833.1318359375,843.6796875,829.05078125,2868.7578125,90.88530671613016,unary_r,7.5242,1,proteome,genomicranges,10,100_000,merge,ok
11.23,804.7394952297211,0:00:08,0.015625,0.04296875,0,915.5283203125,923.16015625,912.07421875,2948.51953125,90.14055467337516,unary_r,8.9276,1,proteome,genomicranges,10,1_000_000,merge,ok
18.85,1565.833402180672,0:00:22,1.8359375,0.04296875,0,1181.8642578125,1221.8046875,1153.046875,3245.46875,68.8368731374511,unary_r,22.747,1,proteome,genomicranges,10,10_000_000,merge,ok
8.96,578.0707817077637,0:00:06,0.0,0.04296875,0,829.80078125,840.61328125,825.55078125,2866.22265625,91.38831278896843,unary_r,6.3254,1,proteome,genomicranges,100,10_000,merge,ok
10.0,681.9196808099746,0:00:07,0.0,0.046875,0,833.2255859375,843.65234375,829.16015625,2868.734375,91.87096868680248,unary_r,7.4226,1,proteome,genomicranges,100,100_000,merge,ok
11.06,796.8128348588942,0:00:08,0.0,0.04296875,0,897.8017578125,906.48828125,894.19921875,2933.265625,93.4982668799528,unary_r,8.5222,1,proteome,genomicranges,100,1_000_000,merge,ok
18.81,1562.8466828346257,0:00:22,0.23828125,0.04296875,0,1181.478515625,1221.42578125,1152.515625,3245.328125,68.70076864887939,unary_r,22.7486,1,proteome,genomicranges,100,10_000_000,merge,ok
9.02,576.9450016975403,0:00:06,0.0,0.04296875,0,808.4970703125,819.765625,804.34765625,2844.92578125,91.30302669486532,unary_r,6.319,1,proteome,genomicranges,1000,10_000,merge,ok
9.53,632.8122442483902,0:00:06,0.0,0.046875,0,832.8896484375,843.46484375,828.87109375,2868.765625,92.78220921686876,unary_r,6.8204,1,proteome,genomicranges,1000,100_000,merge,ok
11.14,793.9238484859466,0:00:08,0.0,0.04296875,0,911.779296875,922.9609375,907.484375,2948.52734375,94.26495993603716,unary_r,8.4223,1,proteome,genomicranges,1000,1_000_000,merge,ok
18.71,1557.6734544038773,0:00:22,0.140625,0.04296875,0,1182.4892578125,1222.21484375,1153.38671875,3245.35546875,69.07512976414142,unary_r,22.5504,1,proteome,genomicranges,1000,10_000_000,merge,ok
9.53,630.9903866291046,0:00:06,0.0,0.04296875,0,796.9716796875,807.97265625,792.7890625,2832.68359375,91.1599087989472,unary_r,6.9218,1,hg38,genomicranges,10,10_000,cluster,ok
8.969999999999999,579.0008338689805,0:00:06,0.0,0.04296875,0,798.3701171875,809.9140625,793.88671875,2834.6953125,88.80275701858321,unary_r,6.5201,1,hg38,genomicranges,10,100_000,cluster,ok
11.65,843.9283246278763,0:00:09,0.0,0.04296875,0,1040.41796875,1051.4921875,1036.25,3079.96484375,92.4857767280048,unary_r,9.125,1,hg38,genomicranges,10,1_000_000,cluster,ok
18.78,1558.76346590519,0:00:26,0.0,0.04296875,0,1468.6962890625,1479.57421875,1464.4765625,3504.05078125,57.837831847006456,unary_r,26.9506,1,hg38,genomicranges,10,10_000_000,cluster,ok
8.96,577.0869006633759,0:00:06,0.0,0.04296875,0,797.431640625,809.421875,792.9609375,2834.546875,89.89650594104155,unary_r,6.4195,1,hg38,genomicranges,100,10_000,cluster,ok
8.96,576.9666820287704,0:00:06,0.0,0.04296875,0,807.619140625,818.5859375,803.41796875,2843.33203125,88.48251717438755,unary_r,6.5207,1,hg38,genomicranges,100,100_000,cluster,ok
11.67,846.789469075203,0:00:09,0.0,0.04296875,0,1041.4169921875,1051.98828125,1037.25,3077.52734375,92.78881136775992,unary_r,9.126,1,hg38,genomicranges,100,1_000_000,cluster,ok
18.71,1552.9329547405246,0:00:26,0.0,0.04296875,0,1468.25390625,1479.01171875,1464.06640625,3504.05078125,57.83633733804982,unary_r,26.8505,1,hg38,genomicranges,100,10_000_000,cluster,ok
8.99,577.8955583095551,0:00:06,0.08203125,0.04296875,0,789.5205078125,801.34375,785.03125,2827.0390625,90.011921717502,unary_r,6.4202,1,hg38,genomicranges,1000,10_000,cluster,ok
8.940000000000001,579.1054772853852,0:00:06,0.0,0.04296875,0,773.328125,784.171875,769.10546875,2809.54296875,87.47202406000265,unary_r,6.6205,1,hg38,genomicranges,1000,100_000,cluster,ok
11.55,844.8779375791551,0:00:09,0.0,0.04296875,0,1049.84375,1060.8046875,1045.703125,3087.20703125,93.63079178596615,unary_r,9.0235,1,hg38,genomicranges,1000,1_000_000,cluster,ok
18.520000000000003,1539.8382334232329,0:00:21,0.0,0.04296875,0,1316.9443359375,1328.84765625,1312.71484375,3385.84765625,70.82315149075693,unary_r,21.742,1,hg38,genomicranges,1000,10_000_000,cluster,ok
8.96,577.1990551948547,0:00:06,0.0,0.04296875,0,815.642578125,826.4140625,811.4375,2851.72265625,89.9097661768801,unary_r,6.4198,1,proteome,genomicranges,10,10_000,cluster,ok
9.51,630.90630838871,0:00:06,0.0,0.04296875,0,832.6875,843.375,828.6484375,2868.75390625,91.14476374807823,unary_r,6.922,1,proteome,genomicranges,10,100_000,cluster,ok
12.05,898.7884879112245,0:00:10,68.60546875,0.04296875,0,1013.05078125,1020.76171875,1009.58984375,3047.140625,89.64739616196198,unary_r,10.0258,1,proteome,genomicranges,10,1_000_000,cluster,ok
18.81,1564.8593236207962,0:00:25,0.0,0.04296875,0,1181.806640625,1221.97265625,1152.671875,3255.4765625,60.53006071316143,unary_r,25.8526,1,proteome,genomicranges,10,10_000_000,cluster,ok
8.95,578.120306134224,0:00:06,0.0,0.04296875,0,833.63671875,844.50390625,829.453125,2869.6171875,91.48563888762811,unary_r,6.3192,1,proteome,genomicranges,100,10_000,cluster,ok
10.1,685.9148624420167,0:00:07,0.0,0.04296875,0,832.5009765625,843.10546875,828.4296875,2868.734375,92.4209476761698,unary_r,7.4216,1,proteome,genomicranges,100,100_000,cluster,ok
11.660000000000002,843.9009163856507,0:00:08,0.0,0.04296875,0,997.8310546875,1006.4609375,994.24609375,3032.30859375,95.64499245786936,unary_r,8.8233,1,proteome,genomicranges,100,1_000_000,cluster,ok
18.8,1561.7813779115677,0:00:23,0.0,0.04296875,0,1183.966796875,1230.16015625,1153.94921875,3255.4609375,66.03999290924972,unary_r,23.649,1,proteome,genomicranges,100,10_000_000,cluster,ok
9.02,579.0170372962951,0:00:06,0.0,0.04296875,0,778.861328125,789.8359375,774.6875,2815.01171875,88.8069990157842,unary_r,6.5199,1,proteome,genomicranges,1000,10_000,cluster,ok
9.5,630.9599106311798,0:00:06,0.3125,0.04296875,0,832.712890625,843.46875,828.671875,2868.76171875,91.16116105506244,unary_r,6.9214,1,proteome,genomicranges,1000,100_000,cluster,ok
11.14,791.689822936058,0:00:08,0.0,0.04296875,0,920.177734375,930.84765625,916.20703125,2956.15234375,90.7492115057174,unary_r,8.7239,1,proteome,genomicranges,1000,1_000_000,cluster,ok
18.61,1547.0968002557754,0:00:24,0.15234375,0.04296875,0,1181.927734375,1222.6015625,1151.921875,3245.3515625,63.79602049237338,unary_r,24.2507,1,proteome,genomicranges,1000,10_000_000,cluster,ok
1.63,0.0,0:00:00,0.0,0.04296875,0,128.9072265625,133.61328125,126.3203125,1175.23046875,0.0,binary_shell,0.1094,1,hg38,bedtools,10,10_000,nearest,ok
1.61,0.0,0:00:00,1.5078125,0.04296875,0,129.4990234375,134.12109375,126.8984375,1175.2265625,0.0,binary_shell,0.4103,1,hg38,bedtools,10,100_000,nearest,ok
9.73,294.106233382225,0:00:03,0.0,0.04296875,0,424.3076171875,437.05859375,420.15625,7801.81640625,97.59257676893874,binary_shell,3.0136,1,hg38,bedtools,10,1_000_000,nearest,ok
82.01,7631.628429174423,0:00:30,0.00390625,0.04296875,0,2724.6650390625,2737.25390625,2720.5859375,34263.40234375,252.18019346580292,binary_shell,30.2626,1,hg38,bedtools,10,10_000_000,nearest,ok
1.66,0.0,0:00:00,0.0,0.04296875,0,129.3701171875,133.9921875,126.79296875,1175.23046875,0.0,binary_shell,0.1119,1,hg38,bedtools,100,10_000,nearest,ok
1.66,0.0,0:00:00,0.0,0.04296875,0,129.2666015625,133.828125,126.68359375,1175.23046875,0.0,binary_shell,0.4108,1,hg38,bedtools,100,100_000,nearest,ok
9.77,300.90566546916966,0:00:02,0.0,0.04296875,0,428.228515625,440.7265625,424.12890625,7928.9453125,103.27738636634236,binary_shell,2.9136,1,hg38,bedtools,100,1_000_000,nearest,ok
82.99,7741.724281740189,0:00:30,0.0,0.04296875,0,2751.7578125,2763.75390625,2747.5625,34134.88671875,250.92005570831537,binary_shell,30.8533,1,hg38,bedtools,100,10_000_000,nearest,ok
1.6700000000000002,0.0,0:00:00,0.0,0.04296875,0,129.3125,133.9296875,126.73046875,1175.234375,0.0,binary_shell,0.1104,1,hg38,bedtools,1000,10_000,nearest,ok
1.66,0.0,0:00:00,0.0,0.04296875,0,129.248046875,134.03125,126.65234375,1175.23046875,0.0,binary_shell,0.4105,1,hg38,bedtools,1000,100_000,nearest,ok
9.77,297.0770340681076,0:00:02,0.0,0.04296875,0,424.154296875,437.07421875,420.07421875,7865.41796875,101.91849721771966,binary_shell,2.9148,1,hg38,bedtools,1000,1_000_000,nearest,ok
82.67,7704.329290699959,0:00:31,0.0,0.04296875,0,2700.46484375,2712.046875,2696.3828125,34199.14453125,247.28808781209463,binary_shell,31.1553,1,hg38,bedtools,1000,10_000_000,nearest,ok
1.61,0.0,0:00:00,0.00390625,0.04296875,0,129.251953125,133.8828125,126.6484375,1175.23046875,0.0,binary_shell,0.1108,1,proteome,bedtools,10,10_000,nearest,ok
2.55,0.0,0:00:00,0.0,0.04296875,0,165.3212890625,178.88671875,161.21875,2012.2109375,0.0,binary_shell,0.7112,1,proteome,bedtools,10,100_000,nearest,ok
16.18,697.548451089859,0:00:03,0.0,0.04296875,0,482.3662109375,493.09765625,477.83203125,8452.04296875,182.2979282354121,binary_shell,3.8264,1,proteome,bedtools,10,1_000_000,nearest,ok
137.39,13253.069741392135,0:00:38,0.00390625,0.04296875,0,2543.2763671875,2580.453125,2516.109375,34111.9453125,341.85789527062246,binary_shell,38.7678,1,proteome,bedtools,10,10_000_000,nearest,ok
1.62,0.0,0:00:00,0.01953125,0.04296875,0,128.994140625,133.63671875,126.40625,1175.23046875,0.0,binary_shell,0.1104,1,proteome,bedtools,100,10_000,nearest,ok
1.9,0.0,0:00:00,0.01953125,0.04296875,0,157.1728515625,167.0546875,153.8828125,1315.5546875,0.0,binary_shell,0.6109,1,proteome,bedtools,100,100_000,nearest,ok
15.83,679.822518157959,0:00:03,0.11328125,0.04296875,0,468.037109375,480.43359375,463.96484375,8348.39453125,187.27405385098376,binary_shell,3.6301,1,proteome,bedtools,100,1_000_000,nearest,ok
137.36,13249.237226009373,0:00:42,0.0,0.04296875,0,2392.33984375,2430.80078125,2363.7578125,65814.78515625,313.3540692831894,binary_shell,42.282,1,proteome,bedtools,100,10_000_000,nearest,ok
1.66,0.0,0:00:00,0.0,0.04296875,0,129.31640625,133.91796875,126.734375,1175.22265625,0.0,binary_shell,0.1125,1,proteome,bedtools,1000,10_000,nearest,ok
1.62,0.0,0:00:00,0.0,0.04296875,0,130.3544921875,134.45703125,127.84375,1175.22265625,0.0,binary_shell,0.5096,1,proteome,bedtools,1000,100_000,nearest,ok
15.45,629.9459048032761,0:00:03,0.0,0.04296875,0,481.5029296875,492.953125,477.234375,8504.69140625,190.07268573001335,binary_shell,3.3142,1,proteome,bedtools,1000,1_000_000,nearest,ok
177.84,17527.224252986907,0:00:53,581.01171875,0.04296875,0,3099.9013671875,3111.27734375,3095.2265625,66757.92578125,328.9218647152363,binary_shell,53.2869,1,proteome,bedtools,1000,10_000_000,nearest,ok
1.6800000000000002,0.0,0:00:00,0.0,0.04296875,0,129.8447265625,134.5390625,127.2578125,1175.2265625,0.0,binary_shell,0.1113,1,hg38,bedtools,10,10_000,intersection,ok
1.63,0.0,0:00:00,0.0,0.04296875,0,128.9609375,133.58984375,126.375,1175.23046875,0.0,binary_shell,0.2104,1,hg38,bedtools,10,100_000,intersection,ok
4.26,209.1311100482941,0:00:02,0.0,0.04296875,0,462.1298828125,472.609375,458.6796875,1692.78515625,74.31245948504473,binary_shell,2.8142,1,hg38,bedtools,10,1_000_000,intersection,ok
78.11,7593.378951048851,0:01:33,0.0,0.04296875,0,3243.234375,3253.65625,3239.83203125,4475.43359375,81.50589674974475,binary_shell,93.1636,1,hg38,bedtools,10,10_000_000,intersection,ok
1.7200000000000002,0.0,0:00:00,0.0,0.04296875,0,129.365234375,134.16015625,126.7734375,1175.2265625,0.0,binary_shell,0.1105,1,hg38,bedtools,100,10_000,intersection,ok
1.65,0.0,0:00:00,0.0,0.04296875,0,129.115234375,134.140625,126.5234375,1175.2265625,0.0,binary_shell,0.2112,1,hg38,bedtools,100,100_000,intersection,ok
4.27,210.3355677604675,0:00:03,0.0,0.04296875,0,461.654296875,472.0703125,458.18359375,1693.0234375,67.46736651754239,binary_shell,3.1176,1,hg38,bedtools,100,1_000_000,intersection,ok
78.74000000000001,7659.405988550186,0:01:42,0.0,0.04296875,0,3244.7265625,3255.16796875,3241.26171875,4476.23046875,74.67174957019765,binary_shell,102.5743,1,hg38,bedtools,100,10_000_000,intersection,ok
1.64,0.0,0:00:00,0.0,0.04296875,0,129.1240234375,133.75,126.54296875,1175.2265625,0.0,binary_shell,0.112,1,hg38,bedtools,1000,10_000,intersection,ok
1.54,0.0,0:00:00,0.0,0.04296875,0,129.6767578125,134.3359375,127.08984375,1175.21875,0.0,binary_shell,0.2094,1,hg38,bedtools,1000,100_000,intersection,ok
5.3,315.06085338592527,0:00:03,0.0,0.04296875,0,463.1357421875,473.484375,459.73046875,1694.02734375,80.45459910691845,binary_shell,3.916,1,hg38,bedtools,1000,1_000_000,intersection,ok
139.51999999999998,13735.418773651125,0:02:32,0.0,0.04296875,0,3247.3154296875,3257.8203125,3243.8828125,4479.23046875,89.91515175900561,binary_shell,152.7598,1,hg38,bedtools,1000,10_000_000,intersection,ok
1.65,0.0,0:00:00,0.0,0.04296875,0,129.302734375,133.94921875,126.69921875,1175.22265625,0.0,binary_shell,0.1102,1,proteome,bedtools,10,10_000,intersection,ok
1.6700000000000002,0.0,0:00:00,0.09375,0.04296875,0,130.1318359375,134.83984375,127.703125,1175.23046875,0.0,binary_shell,0.3137,1,proteome,bedtools,10,100_000,intersection,ok
8.1,592.7304461240768,0:00:06,0.01171875,0.04296875,0,515.365234375,524.16796875,512.05078125,1744.89453125,90.7007630987448,binary_shell,6.535,1,proteome,bedtools,10,1_000_000,intersection,ok
441.14,43906.00649101735,0:07:41,0.0234375,0.04296875,0,3685.1875,3721.6328125,3656.95703125,4941.33203125,95.0698744178368,binary_shell,461.8288,1,proteome,bedtools,10,10_000_000,intersection,ok
1.68,0.0,0:00:00,0.0,0.04296875,0,128.9130859375,133.59375,126.328125,1175.234375,0.0,binary_shell,0.1102,1,proteome,bedtools,100,10_000,intersection,ok
1.6700000000000002,0.0,0:00:00,0.0703125,0.04296875,0,129.6015625,134.34765625,127.1640625,1175.234375,0.0,binary_shell,0.3109,1,proteome,bedtools,100,100_000,intersection,ok
8.629999999999999,645.8047105550767,0:00:06,1.37890625,0.04296875,0,514.0732421875,524.1484375,510.83203125,1744.9375,94.6718834809752,binary_shell,6.8215,1,proteome,bedtools,100,1_000_000,intersection,ok
541.53,53924.44336133003,0:09:12,0.0,0.04296875,0,3684.79296875,3721.46875,3656.6953125,4941.28515625,97.5564324566346,binary_shell,552.7513,1,proteome,bedtools,100,10_000_000,intersection,ok
1.64,0.0,0:00:00,0.07421875,0.04296875,0,129.5634765625,134.203125,126.98046875,1175.23046875,0.0,binary_shell,0.1105,1,proteome,bedtools,1000,10_000,intersection,ok
1.58,0.0,0:00:00,0.0,0.04296875,0,130.37890625,134.50390625,127.859375,1175.23046875,0.0,binary_shell,0.3095,1,proteome,bedtools,1000,100_000,intersection,ok
12.46,1030.5492512226106,0:00:10,0.0,0.04296875,0,514.4853515625,524.046875,511.5,1744.97265625,98.84136214602472,binary_shell,10.4263,1,proteome,bedtools,1000,1_000_000,intersection,ok
944.84,94263.93565654756,0:15:18,0.00390625,0.04296875,0,3685.7265625,3720.3046875,3658.9921875,4941.3828125,102.58554655516126,binary_shell,918.8813,1,proteome,bedtools,1000,10_000_000,intersection,ok
1.66,0.0,0:00:00,0.0,0.04296875,0,129.3603515625,133.98046875,126.77734375,1175.234375,0.0,binary_shell,0.1103,1,hg38,bedtools,10,10_000,subtract,ok
1.7000000000000002,0.0,0:00:00,0.0,0.04296875,0,129.4521484375,134.08203125,126.84765625,1175.234375,0.0,binary_shell,0.3103,1,hg38,bedtools,10,100_000,subtract,ok
4.78,266.98298387527467,0:00:03,0.0,0.04296875,0,462.0126953125,472.44921875,458.58203125,1693.046875,78.16888376546622,binary_shell,3.4155,1,hg38,bedtools,10,1_000_000,subtract,ok
78.67,7650.323536634445,0:01:37,0.0,0.04296875,0,3243.2451171875,3253.69140625,3239.84375,4475.7109375,78.09127256022697,binary_shell,97.9664,1,hg38,bedtools,10,10_000_000,subtract,ok
1.7000000000000002,0.0,0:00:00,0.0,0.04296875,0,129.517578125,134.16015625,126.91796875,1175.2265625,0.0,binary_shell,0.1127,1,hg38,bedtools,100,10_000,subtract,ok
1.65,0.0,0:00:00,0.0,0.04296875,0,129.548828125,134.171875,126.96484375,1175.23046875,0.0,binary_shell,0.3111,1,hg38,bedtools,100,100_000,subtract,ok
5.34,317.0678233146668,0:00:03,0.0,0.04296875,0,462.400390625,472.75,459.0546875,1693.15625,80.96660527052951,binary_shell,3.916,1,hg38,bedtools,100,1_000_000,subtract,ok
108.84,10665.9932513237,0:01:47,0.0,0.04296875,0,3244.416015625,3254.5,3240.97265625,4476.36328125,99.3228872827734,binary_shell,107.3871,1,hg38,bedtools,100,10_000_000,subtract,ok
1.6700000000000002,0.0,0:00:00,0.0,0.04296875,0,129.7353515625,134.6484375,127.1484375,1175.22265625,0.0,binary_shell,0.1102,1,hg38,bedtools,1000,10_000,subtract,ok
1.62,0.0,0:00:00,0.0,0.04296875,0,129.2939453125,133.92578125,126.71875,1175.23046875,0.0,binary_shell,0.3099,1,hg38,bedtools,1000,100_000,subtract,ok
5.86,370.1460440874099,0:00:04,0.0,0.04296875,0,463.23046875,473.6484375,459.80078125,1694.16796875,81.97032653704291,binary_shell,4.5156,1,hg38,bedtools,1000,1_000_000,subtract,ok
138.29,13618.16734545231,0:02:30,0.0,0.04296875,0,3247.1474609375,3257.296875,3243.66015625,4479.37109375,90.57312932348216,binary_shell,150.3555,1,hg38,bedtools,1000,10_000_000,subtract,ok
1.6700000000000002,0.0,0:00:00,0.0,0.04296875,0,129.2236328125,133.77734375,126.63671875,1175.2265625,0.0,binary_shell,0.1117,1,proteome,bedtools,10,10_000,subtract,ok
1.66,0.0,0:00:00,0.0,0.04296875,0,129.453125,134.0625,127.01953125,1175.22265625,0.0,binary_shell,0.3108,1,proteome,bedtools,10,100_000,subtract,ok
8.15,596.9676013708115,0:00:06,0.01171875,0.04296875,0,515.5244140625,524.0859375,512.17578125,1745.14453125,90.17041077200412,binary_shell,6.6204,1,proteome,bedtools,10,1_000_000,subtract,ok
439.74,43766.81864414216,0:07:38,0.046875,0.04296875,0,3686.12109375,3720.9453125,3659.54296875,4941.4765625,95.4093213322968,binary_shell,458.7269,1,proteome,bedtools,10,10_000_000,subtract,ok
1.66,0.0,0:00:00,0.0,0.04296875,0,129.44921875,134.05859375,126.8671875,1175.2265625,0.0,binary_shell,0.1121,1,proteome,bedtools,100,10_000,subtract,ok
1.71,0.0,0:00:00,0.0,0.04296875,0,129.3876953125,133.92578125,126.953125,1175.22265625,0.0,binary_shell,0.3106,1,proteome,bedtools,100,100_000,subtract,ok
8.06,590.1793552160264,0:00:06,0.38671875,0.04296875,0,515.0419921875,525.45703125,511.78515625,1745.1875,90.5219209515768,binary_shell,6.5197,1,proteome,bedtools,100,1_000_000,subtract,ok
470.32,46821.60847063064,0:07:53,0.0,0.04296875,0,3685.205078125,3720.75,3657.75390625,4941.4296875,98.8700909167865,binary_shell,473.567,1,proteome,bedtools,100,10_000_000,subtract,ok
1.65,0.0,0:00:00,0.0,0.04296875,0,129.44140625,134.3671875,126.84375,1175.2265625,0.0,binary_shell,0.1105,1,proteome,bedtools,1000,10_000,subtract,ok
1.64,0.0,0:00:00,0.0,0.04296875,0,129.65234375,134.02734375,127.14453125,1175.22265625,0.0,binary_shell,0.4125,1,proteome,bedtools,1000,100_000,subtract,ok
9.5,743.3035308599473,0:00:08,0.0,0.04296875,0,515.7021484375,524.71484375,512.59765625,1745.109375,91.50989944698232,binary_shell,8.1227,1,proteome,bedtools,1000,1_000_000,subtract,ok
501.7,49961.30245864391,0:08:41,569.33984375,0.04296875,0,3710.43359375,3718.64453125,3706.96484375,4941.50390625,95.81706514040653,binary_shell,521.4238,1,proteome,bedtools,1000,10_000_000,subtract,ok
1.6,0.0,0:00:00,0.0,0.04296875,0,129.390625,133.984375,126.80859375,1175.23046875,0.0,unary_shell,0.1097,1,hg38,bedtools,10,10_000,merge,ok
1.66,0.0,0:00:00,0.0,0.04296875,0,129.275390625,133.9140625,126.703125,1175.23046875,0.0,unary_shell,0.3105,1,hg38,bedtools,10,100_000,merge,ok
3.26,111.788747215271,0:00:01,0.0,0.04296875,0,440.1044921875,453.8984375,436.06640625,1753.66015625,58.44285620090016,unary_shell,1.9128,1,hg38,bedtools,10,1_000_000,merge,ok
18.97,1681.288451075554,0:00:19,0.0,0.04296875,0,3109.861328125,3123.31640625,3105.7890625,5139.796875,85.61411868028841,unary_shell,19.638,1,hg38,bedtools,10,10_000_000,merge,ok
1.67,0.0,0:00:00,0.0,0.04296875,0,129.1611328125,133.8125,126.578125,1175.234375,0.0,unary_shell,0.1106,1,hg38,bedtools,100,10_000,merge,ok
1.65,0.0,0:00:00,0.0,0.04296875,0,129.2998046875,133.83984375,126.7109375,1175.234375,0.0,unary_shell,0.3108,1,hg38,bedtools,100,100_000,merge,ok
3.25,112.10911617279054,0:00:01,0.0,0.04296875,0,446.263671875,459.3203125,442.09375,1765.3046875,58.64217679812673,unary_shell,1.9117,1,hg38,bedtools,100,1_000_000,merge,ok
19.01,1688.2233243227004,0:00:18,0.0,0.04296875,0,3109.1767578125,3122.6015625,3105.125,5139.83203125,89.16350889416132,unary_shell,18.934,1,hg38,bedtools,100,10_000_000,merge,ok
1.63,0.0,0:00:00,0.0,0.04296875,0,129.517578125,134.0859375,126.92578125,1175.23046875,0.0,unary_shell,0.1102,1,hg38,bedtools,1000,10_000,merge,ok
1.6700000000000002,0.0,0:00:00,0.0,0.04296875,0,129.025390625,133.67578125,126.44140625,1175.3515625,0.0,unary_shell,0.2108,1,hg38,bedtools,1000,100_000,merge,ok
3.24,111.924351811409,0:00:01,0.0,0.04296875,0,441.7958984375,454.953125,437.703125,1757.828125,58.5247869484465,unary_shell,1.9124,1,hg38,bedtools,1000,1_000_000,merge,ok
18.67,1652.6839921236035,0:00:15,0.0,0.04296875,0,3109.330078125,3122.66796875,3105.18359375,5139.875,105.04598111394888,unary_shell,15.733,1,hg38,bedtools,1000,10_000_000,merge,ok
1.6,0.0,0:00:00,0.0,0.04296875,0,129.6376953125,134.1875,127.04296875,1175.234375,0.0,unary_shell,0.1102,1,proteome,bedtools,10,10_000,merge,ok
1.61,0.0,0:00:00,0.0,0.04296875,0,129.9619140625,134.484375,127.53125,1175.23046875,0.0,unary_shell,0.3109,1,proteome,bedtools,10,100_000,merge,ok
4.44,231.9865472793579,0:00:03,0.1640625,0.04296875,0,580.6279296875,592.12890625,576.12890625,1822.93359375,76.94756978128011,unary_shell,3.0149,1,proteome,bedtools,10,1_000_000,merge,ok
17.970000000000002,1576.6727041244508,0:00:27,0.09375,0.04296875,0,3542.9755859375,3579.84765625,3514.640625,5171.96875,58.27835471647472,unary_shell,27.0542,1,proteome,bedtools,10,10_000_000,merge,ok
1.73,0.0,0:00:00,0.0,0.04296875,0,129.3369140625,133.8828125,126.7421875,1175.2265625,0.0,unary_shell,0.1102,1,proteome,bedtools,100,10_000,merge,ok
1.61,0.0,0:00:00,0.25,0.04296875,0,129.478515625,133.87109375,127.0390625,1175.23046875,0.0,unary_shell,0.3108,1,proteome,bedtools,100,100_000,merge,ok
3.8,165.78774394989014,0:00:02,0.0,0.04296875,0,576.0419921875,587.8203125,571.5078125,1818.30078125,63.371391018971295,unary_shell,2.6161,1,proteome,bedtools,100,1_000_000,merge,ok
17.98,1583.8992204666142,0:00:23,0.0,0.04296875,0,3634.01171875,3670.42578125,3606.37109375,5276.8515625,66.69625222522727,unary_shell,23.7479,1,proteome,bedtools,100,10_000_000,merge,ok
1.68,0.0,0:00:00,0.0,0.04296875,0,128.9482421875,133.59765625,126.34765625,1175.234375,0.0,unary_shell,0.1102,1,proteome,bedtools,1000,10_000,merge,ok
1.65,0.0,0:00:00,0.0,0.04296875,0,129.345703125,133.828125,126.91796875,1175.23046875,0.0,unary_shell,0.3105,1,proteome,bedtools,1000,100_000,merge,ok
3.85,174.07941713333128,0:00:02,0.0,0.04296875,0,578.1083984375,590.73828125,574.4140625,1821.44140625,72.13722016078333,unary_shell,2.4132,1,proteome,bedtools,1000,1_000_000,merge,ok
17.83,1563.6355750083924,0:00:23,0.02734375,0.04296875,0,3660.326171875,3697.2421875,3631.8828125,5307.62109375,66.68418187139643,unary_shell,23.4484,1,proteome,bedtools,1000,10_000_000,merge,ok
1.61,0.0,0:00:00,0.0,0.04296875,0,129.6875,134.359375,127.1015625,1175.23046875,0.0,unary_shell,0.1105,1,hg38,bedtools,10,10_000,cluster,ok
1.66,0.0,0:00:00,0.0,0.04296875,0,129.0126953125,133.671875,126.43359375,1175.23046875,0.0,unary_shell,0.3105,1,hg38,bedtools,10,100_000,cluster,ok
5.3500000000000005,322.3611884832382,0:00:02,0.0,0.04296875,0,439.53125,450.9453125,435.35546875,1753.40234375,118.79446485150436,unary_shell,2.7136,1,hg38,bedtools,10,1_000_000,cluster,ok
21.62,1947.153081059456,0:00:27,0.0,0.04296875,0,3108.533203125,3120.08203125,3104.3125,5139.53515625,69.66904829097501,unary_shell,27.9486,1,hg38,bedtools,10,10_000_000,cluster,ok
1.61,0.0,0:00:00,0.0,0.04296875,0,129.30078125,133.94140625,126.72265625,1175.2265625,0.0,unary_shell,0.1108,1,hg38,bedtools,100,10_000,cluster,ok
1.6800000000000002,0.0,0:00:00,0.0,0.04296875,0,129.2705078125,133.90234375,126.66796875,1175.23046875,0.0,unary_shell,0.4108,1,hg38,bedtools,100,100_000,cluster,ok
5.33,321.3228218078614,0:00:02,0.0,0.04296875,0,445.7978515625,457.42578125,441.58984375,1765.05078125,118.40792180252848,unary_shell,2.7137,1,hg38,bedtools,100,1_000_000,cluster,ok
21.44,1931.7604298591616,0:00:29,0.0,0.04296875,0,3108.201171875,3119.71484375,3103.94921875,5139.58203125,65.59871751053612,unary_shell,29.4481,1,hg38,bedtools,100,10_000_000,cluster,ok
1.65,0.0,0:00:00,0.0,0.04296875,0,129.48046875,134.17578125,126.89453125,1175.23046875,0.0,unary_shell,0.1143,1,hg38,bedtools,1000,10_000,cluster,ok
1.6700000000000002,0.0,0:00:00,0.0,0.04296875,0,129.1708984375,133.8671875,126.58203125,1175.234375,0.0,unary_shell,0.411,1,hg38,bedtools,1000,100_000,cluster,ok
5.41,324.0753962039947,0:00:02,0.0,0.04296875,0,441.40234375,452.96875,437.21484375,1757.57421875,115.16834704402504,unary_shell,2.8139,1,hg38,bedtools,1000,1_000_000,cluster,ok
21.67,1950.4455985784527,0:00:28,0.0,0.04296875,0,3108.5693359375,3119.8984375,3104.43359375,5139.609375,69.54158094233516,unary_shell,28.0472,1,hg38,bedtools,1000,10_000_000,cluster,ok
1.6700000000000002,0.0,0:00:00,0.0,0.04296875,0,130.06640625,134.67578125,127.484375,1175.2265625,0.0,unary_shell,0.1109,1,proteome,bedtools,10,10_000,cluster,ok
1.6,0.0,0:00:00,0.03515625,0.04296875,0,129.939453125,134.47265625,127.5078125,1175.234375,0.0,unary_shell,0.4097,1,proteome,bedtools,10,100_000,cluster,ok
6.76,455.9619633436203,0:00:03,0.01171875,0.04296875,0,571.939453125,581.8359375,567.27734375,1814.29296875,119.5044343682111,unary_shell,3.8154,1,proteome,bedtools,10,1_000_000,cluster,ok
17.88,1577.1098864555358,0:00:39,0.015625,0.04296875,0,3632.9326171875,3670.12109375,3604.41015625,5275.50390625,40.37144306060106,unary_shell,39.065,1,proteome,bedtools,10,10_000_000,cluster,ok
1.64,0.0,0:00:00,0.0,0.04296875,0,129.2763671875,133.921875,126.67578125,1175.23046875,0.0,unary_shell,0.1103,1,proteome,bedtools,100,10_000,cluster,ok
1.65,0.0,0:00:00,0.1875,0.04296875,0,129.3115234375,133.7109375,126.87109375,1175.23046875,0.0,unary_shell,0.4105,1,proteome,bedtools,100,100_000,cluster,ok
6.69,453.0977040290833,0:00:03,0.0,0.04296875,0,571.7607421875,581.5234375,567.21875,1814.6875,118.78653305160202,unary_shell,3.8144,1,proteome,bedtools,100,1_000_000,cluster,ok
18.04,1580.9197870492933,0:00:39,0.0,0.04296875,0,3578.5,3615.26171875,3550.58203125,5213.1796875,40.15241814829291,unary_shell,39.373,1,proteome,bedtools,100,10_000_000,cluster,ok
1.6700000000000002,0.0,0:00:00,0.0,0.04296875,0,129.2939453125,134.0703125,126.69921875,1175.23046875,0.0,unary_shell,0.1101,1,proteome,bedtools,1000,10_000,cluster,ok
1.64,0.0,0:00:00,0.1171875,0.04296875,0,129.9111328125,134.4296875,127.48046875,1175.22265625,0.0,unary_shell,0.5109,1,proteome,bedtools,1000,100_000,cluster,ok
6.640000000000001,454.1048451185226,0:00:03,0.0,0.04296875,0,570.4892578125,581.3671875,566.8203125,1814.48046875,119.03128593968722,unary_shell,3.815,1,proteome,bedtools,1000,1_000_000,cluster,ok
17.74,1565.821304392815,0:00:39,0.0,0.04296875,0,3604.638671875,3641.0390625,3576.87890625,5242.83984375,39.66999405994814,unary_shell,39.4712,1,proteome,bedtools,1000,10_000_000,cluster,ok
3.14,0.0,0:00:00,0.0,0.04296875,0,204.1220703125,260.51953125,155.640625,2202.7734375,0.0,binary_python,0.8171,1,hg38,bioframe,10,10_000,nearest,ok
3.2,0.0,0:00:00,0.0,0.04296875,0,205.66796875,262.9375,156.31640625,2203.6171875,0.0,binary_python,0.9137,1,hg38,bioframe,10,100_000,nearest,ok
5.29,210.35030760765076,0:00:02,0.0,0.04296875,0,446.97265625,509.671875,397.86328125,2530.11328125,72.13996450864057,binary_python,2.9159,1,hg38,bioframe,10,1_000_000,nearest,ok
18.5,1532.6187144994738,0:00:37,8.39453125,0.04296875,0,1020.4912109375,1078.6484375,970.22265625,3095.1796875,40.79662114972523,binary_python,37.5673,1,hg38,bioframe,10,10_000_000,nearest,ok
3.21,0.0,0:00:00,0.92578125,0.04296875,0,204.580078125,260.86328125,156.296875,2202.7890625,0.0,binary_python,0.8124,1,hg38,bioframe,100,10_000,nearest,ok
3.1900000000000004,0.0,0:00:00,0.0,0.04296875,0,203.98046875,260.08203125,155.8046875,2201.63671875,0.0,binary_python,0.9152,1,hg38,bioframe,100,100_000,nearest,ok
5.220000000000001,209.9594570636749,0:00:02,0.0,0.04296875,0,423.3642578125,483.12109375,371.6015625,2492.6015625,71.94565922317192,binary_python,2.9183,1,hg38,bioframe,100,1_000_000,nearest,ok
18.42,1535.0399250268938,0:00:35,17.53515625,0.04296875,0,1014.5302734375,1072.47265625,964.578125,3088.7421875,43.65279606726555,binary_python,35.1648,1,hg38,bioframe,100,10_000_000,nearest,ok
3.1900000000000004,0.0,0:00:00,0.28125,0.04296875,0,203.666015625,260.25,155.23046875,2200.96484375,0.0,binary_python,0.8141,1,hg38,bioframe,1000,10_000,nearest,ok
3.2,0.0,0:00:00,0.0,0.04296875,0,205.0498046875,261.44140625,156.6953125,2202.94921875,0.0,binary_python,0.9138,1,hg38,bioframe,1000,100_000,nearest,ok
5.26,210.68195042610168,0:00:03,0.0,0.04296875,0,410.423828125,469.08203125,360.89453125,2479.44921875,69.85216757611761,binary_python,3.0161,1,hg38,bioframe,1000,1_000_000,nearest,ok
18.5,1532.950110006332,0:00:30,0.0,0.04296875,0,1007.17578125,1065.9765625,956.4140625,3076.19140625,50.48983255685717,binary_python,30.3616,1,hg38,bioframe,1000,10_000_000,nearest,ok
3.2300000000000004,0.0,0:00:01,0.12890625,0.04296875,0,206.7041015625,262.54296875,158.77734375,2204.80078125,0.0,binary_python,1.0147,1,proteome,bioframe,10,10_000,nearest,ok
9.96,679.1999460220337,0:00:07,0.21875,0.04296875,0,267.2216796875,324.8984375,217.4765625,2334.93359375,90.28044934311497,binary_python,7.5232,1,proteome,bioframe,10,100_000,nearest,ok
18.39,1525.7106868982314,0:00:24,0.359375,0.04296875,0,396.1533203125,453.41796875,345.87890625,2466.328125,62.93252998018331,binary_python,24.2436,1,proteome,bioframe,10,1_000_000,nearest,ok
48.8,4566.786644649505,0:00:52,0.29296875,0.04296875,0,2351.9208984375,2428.765625,2313.52734375,4608.1796875,87.00118542682236,binary_python,52.4911,1,proteome,bioframe,10,10_000_000,nearest,ok
3.18,0.0,0:00:01,0.0,0.04296875,0,204.9482421875,260.546875,157.27734375,2202.9375,0.0,binary_python,1.1162,1,proteome,bioframe,100,10_000,nearest,ok
11.02,785.1086492538452,0:00:08,0.0,0.04296875,0,264.5546875,322.5234375,214.26953125,2333.48828125,93.1983226146734,binary_python,8.4241,1,proteome,bioframe,100,100_000,nearest,ok
18.44,1528.9466596603393,0:00:28,27.203125,0.04296875,0,387.724609375,445.39453125,337.9453125,2457.16796875,54.31845209887359,binary_python,28.1478,1,proteome,bioframe,100,1_000_000,nearest,ok
48.7,4554.54314160347,0:00:51,0.3359375,0.04296875,0,2637.8427734375,2714.55078125,2599.3828125,4728.06640625,88.79535220988383,binary_python,51.2926,1,proteome,bioframe,100,10_000_000,nearest,ok
3.2,0.0,0:00:01,0.0,0.04296875,0,203.1640625,259.41015625,155.27734375,2201.38671875,0.0,binary_python,1.0177,1,proteome,bioframe,1000,10_000,nearest,ok
8.93,575.3061774969102,0:00:06,0.0,0.04296875,0,266.66796875,323.16015625,217.21484375,2333.921875,89.60367996447654,binary_python,6.4206,1,proteome,bioframe,1000,100_000,nearest,ok
18.35,1522.3147884845737,0:00:22,0.0,0.04296875,0,397.53125,455.65625,347.2109375,2467.29296875,69.07115674927446,binary_python,22.0398,1,proteome,bioframe,1000,1_000_000,nearest,ok
48.720000000000006,4559.869016218185,0:00:50,1.27734375,0.04296875,0,2663.3173828125,2740.73828125,2624.3515625,4866.4296875,89.60866379243598,binary_python,50.8865,1,proteome,bioframe,1000,10_000_000,nearest,ok
3.1900000000000004,0.0,0:00:00,0.0,0.04296875,0,199.5673828125,255.51953125,151.41796875,2196.83984375,0.0,binary_python,0.8136,1,hg38,bioframe,10,10_000,intersection,ok
3.23,0.0,0:00:00,0.0,0.04296875,0,204.2998046875,260.91015625,155.76953125,2202.9296875,0.0,binary_python,0.8135,1,hg38,bioframe,10,100_000,intersection,ok
4.05,101.06251165866853,0:00:02,22.734375,0.04296875,0,353.2587890625,410.62890625,303.89453125,2422.8046875,50.137411613669066,binary_python,2.0157,1,hg38,bioframe,10,1_000_000,intersection,ok
18.6,1537.929513120651,0:00:19,0.0,0.04296875,0,2265.3330078125,2323.87109375,2214.8515625,4348.46484375,77.51263891542021,binary_python,19.841,1,hg38,bioframe,10,10_000_000,intersection,ok
3.1900000000000004,0.0,0:00:00,0.0,0.04296875,0,204.697265625,260.51953125,156.84765625,2202.765625,0.0,binary_python,0.7133,1,hg38,bioframe,100,10_000,intersection,ok
3.1900000000000004,0.0,0:00:00,0.0,0.04296875,0,203.5810546875,260.39453125,154.796875,2202.78125,0.0,binary_python,0.9139,1,hg38,bioframe,100,100_000,intersection,ok
4.210000000000001,105.98945593833923,0:00:02,0.0,0.04296875,0,369.1083984375,427.88671875,318.3359375,2445.75,52.557575616421154,binary_python,2.0166,1,hg38,bioframe,100,1_000_000,intersection,ok
18.61,1541.2004894733427,0:00:18,0.0,0.04296875,0,2484.060546875,2545.0703125,2434.44921875,4580.55078125,84.03149552301578,binary_python,18.3407,1,hg38,bioframe,100,10_000_000,intersection,ok
3.2,0.0,0:00:00,0.0,0.04296875,0,204.2607421875,260.56640625,156.0078125,2201.6171875,0.0,binary_python,0.8137,1,hg38,bioframe,1000,10_000,intersection,ok
3.13,0.0,0:00:00,0.0,0.04296875,0,203.30859375,260.4609375,153.984375,2202.9296875,0.0,binary_python,0.8142,1,hg38,bioframe,1000,100_000,intersection,ok
4.779999999999999,158.0094625234604,0:00:02,0.0,0.046875,0,373.2431640625,430.55078125,323.8203125,2441.91796875,74.74463169018533,binary_python,2.114,1,hg38,bioframe,1000,1_000_000,intersection,ok
48.45,4529.352190279961,0:00:54,0.0,0.04296875,0,5829.01171875,5888.54296875,5779.49609375,8177.8515625,83.41762013000692,binary_python,54.2973,1,hg38,bioframe,1000,10_000_000,intersection,ok
3.1500000000000004,0.0,0:00:00,0.0,0.04296875,0,202.95703125,258.87890625,154.9609375,2200.96484375,0.0,binary_python,0.9139,1,proteome,bioframe,10,10_000,intersection,ok
6.87,365.1539072036744,0:00:04,0.0,0.04296875,0,262.6591796875,320.140625,213.14453125,2331.96484375,84.54271792016391,binary_python,4.3192,1,proteome,bioframe,10,100_000,intersection,ok
15.82,1263.609749674797,0:00:13,0.58984375,0.04296875,0,516.861328125,574.828125,466.8828125,2588.55859375,95.5215343701108,binary_python,13.2285,1,proteome,bioframe,10,1_000_000,intersection,ok
48.53,4539.275478911399,0:01:07,0.140625,0.04296875,0,5009.833984375,5086.71484375,4971.16015625,7122.234375,67.72622432676536,binary_python,67.0239,1,proteome,bioframe,10,10_000_000,intersection,ok
3.1900000000000004,0.0,0:00:00,0.0,0.04296875,0,203.705078125,260.51953125,154.78515625,2202.7734375,0.0,binary_python,0.9155,1,proteome,bioframe,100,10_000,intersection,ok
6.840000000000001,366.20044074058535,0:00:04,0.0,0.04296875,0,262.0712890625,322.15234375,210.02734375,2331.76953125,82.88657162355165,binary_python,4.4181,1,proteome,bioframe,100,100_000,intersection,ok
18.52,1531.6876582622529,0:00:16,0.0,0.04296875,0,752.5712890625,811.8046875,701.15625,2822.26953125,95.53529065992858,binary_python,16.0327,1,proteome,bioframe,100,1_000_000,intersection,ok
500.76,49765.9948540926,0:08:23,0.0,0.04296875,0,39244.005859375,39323.90234375,39205.3046875,42578.78515625,98.87948750858526,binary_python,503.2995,1,proteome,bioframe,100,10_000_000,intersection,ok
3.1900000000000004,0.0,0:00:00,0.0,0.04296875,0,204.5703125,260.71875,156.2421875,2202.77734375,0.0,binary_python,0.9134,1,proteome,bioframe,1000,10_000,intersection,ok
6.93,366.2819546937943,0:00:04,0.0,0.04296875,0,259.826171875,317.42578125,209.6171875,2328.5078125,82.89419623813173,binary_python,4.4187,1,proteome,bioframe,1000,100_000,intersection,ok
18.42,1526.3437439441682,0:00:21,0.0,0.04296875,0,1993.3642578125,2053.71875,1943.984375,4074.96875,71.84911216099329,binary_python,21.2437,1,proteome,bioframe,1000,1_000_000,intersection,ok
230.16,22705.042037415507,0:03:51,513.51953125,0.04296875,0,114373.8720703125,114408.04296875,114362.92578125,121495.30078125,98.23001291125576,binary_python,231.1416,1,proteome,bioframe,1000,10_000_000,intersection,fail
3.18,0.0,0:00:00,0.0,0.04296875,0,201.7177734375,259.07421875,152.15234375,2200.9765625,0.0,binary_python,0.8139,1,hg38,bioframe,10,10_000,subtract,ok
3.2,0.0,0:00:01,0.0,0.04296875,0,203.4716796875,259.828125,155.1171875,2200.9609375,0.0,binary_python,1.014,1,hg38,bioframe,10,100_000,subtract,ok
5.859999999999999,262.83640294075013,0:00:03,0.0,0.04296875,0,643.8173828125,703.25390625,592.21875,2712.8828125,76.93345945569101,binary_python,3.4164,1,hg38,bioframe,10,1_000_000,subtract,ok
18.51,1533.76725640297,0:00:42,0.0,0.04296875,0,3093.2412109375,3151.96484375,3042.60546875,5234.3671875,36.11137316089592,binary_python,42.4732,1,hg38,bioframe,10,10_000_000,subtract,ok
3.17,0.0,0:00:00,0.0,0.04296875,0,202.052734375,260.671875,151.24609375,2202.94921875,0.0,binary_python,0.8146,1,hg38,bioframe,100,10_000,subtract,ok
3.19,0.0,0:00:01,0.0,0.04296875,0,202.419921875,258.84765625,153.87109375,2200.97265625,0.0,binary_python,1.1137,1,hg38,bioframe,100,100_000,subtract,ok
5.79,263.9060353279114,0:00:03,0.0,0.04296875,0,644.4189453125,701.7421875,595.2265625,2711.62890625,72.96506467932777,binary_python,3.6169,1,hg38,bioframe,100,1_000_000,subtract,ok
18.55,1535.1053676605222,0:00:44,0.0,0.04296875,0,2915.29296875,2972.484375,2866.1484375,5001.546875,34.66893906830987,binary_python,44.279,1,hg38,bioframe,100,10_000_000,subtract,ok
3.16,0.0,0:00:00,0.0,0.04296875,0,201.2880859375,258.99609375,151.2890625,2201.37890625,0.0,binary_python,0.8134,1,hg38,bioframe,1000,10_000,subtract,ok
3.14,0.0,0:00:01,0.00390625,0.04296875,0,203.2724609375,259.51171875,154.875,2200.9609375,0.0,binary_python,1.0136,1,hg38,bioframe,1000,100_000,subtract,ok
5.76,261.6848831176758,0:00:03,0.0,0.04296875,0,618.947265625,676.44921875,569.40625,2686.48828125,78.87882774902988,binary_python,3.3176,1,hg38,bioframe,1000,1_000_000,subtract,ok
18.48,1529.2002655506135,0:00:29,0.0,0.04296875,0,3136.9462890625,3195.4921875,3086.5859375,5240.2265625,51.56272385319033,binary_python,29.6571,1,hg38,bioframe,1000,10_000_000,subtract,ok
18.4,1519.5609889030454,0:00:36,0.0,0.04296875,0,302.52734375,360.23828125,252.9609375,2372.39453125,41.22127532124149,binary_python,36.8635,1,proteome,bioframe,10,10_000,subtract,ok
349.00000000000006,34581.4714684248,0:05:54,2.4609375,0.04296875,0,765.716796875,824.65625,715.05078125,2834.859375,97.66316037184026,binary_python,354.0892,1,proteome,bioframe,10,100_000,subtract,ok
769.87,76657.44132237435,0:13:01,0.01171875,0.046875,0,1094.189453125,1150.5234375,1044.5234375,3170.0390625,98.04250905719788,binary_python,781.8796,1,proteome,bioframe,10,1_000_000,subtract,ok
860.7099999999999,85764.80830643176,0:14:35,0.0546875,0.04296875,0,2346.87109375,2423.7890625,2309.4609375,4447.5078125,97.91848963181802,binary_python,875.8796,1,proteome,bioframe,10,10_000_000,subtract,ok
18.35,1515.4062293052668,0:00:36,0.0,0.04296875,0,303.7392578125,361.33203125,254.21875,2373.546875,41.33633048917214,binary_python,36.6604,1,proteome,bioframe,100,10_000,subtract,ok
348.92,34574.029274415974,0:05:50,0.0,0.04296875,0,599.7236328125,658.21484375,549.2578125,2672.3359375,98.53151536112718,binary_python,350.8931,1,proteome,bioframe,100,100_000,subtract,ok
769.6800000000001,76637.71278049947,0:12:57,0.0,0.04296875,0,984.849609375,1041.90234375,935.375,3060.20703125,98.55363624119872,binary_python,777.6244,1,proteome,bioframe,100,1_000_000,subtract,ok
890.68,88753.06431901453,0:14:47,0.015625,0.04296875,0,4515.9755859375,4592.828125,4477.3359375,6612.0703125,99.97068924795724,binary_python,887.7909,1,proteome,bioframe,100,10_000_000,subtract,ok
18.32,1514.4455281734467,0:00:41,0.0,0.04296875,0,300.251953125,357.64453125,251.3984375,2369.64453125,36.87555267424121,binary_python,41.0691,1,proteome,bioframe,1000,10_000,subtract,ok
348.90000000000003,34567.778662538534,0:05:48,0.0,0.04296875,0,588.52734375,645.890625,538.23046875,2660.72265625,99.27678711856429,binary_python,348.196,1,proteome,bioframe,1000,100_000,subtract,ok
799.76,79643.64723672866,0:13:21,0.0,0.04296875,0,953.123046875,1010.59375,903.43359375,3029.9453125,99.37618579798784,binary_python,801.4359,1,proteome,bioframe,1000,1_000_000,subtract,ok
890.45,88730.06662521364,0:14:54,176.828125,0.04296875,0,4117.7998046875,4195.26953125,4078.6640625,6227.515625,99.23572611805515,binary_python,894.1343,1,proteome,bioframe,1000,10_000_000,subtract,ok
3.17,0.0,0:00:00,0.0,0.04296875,0,206.57421875,262.359375,158.67578125,2204.79296875,0.0,unary_python,0.7128,1,hg38,bioframe,10,10_000,merge,ok
3.18,0.0,0:00:00,0.9140625,0.04296875,0,198.873046875,255.30859375,150.30078125,2197.8828125,0.0,unary_python,0.9114,1,hg38,bioframe,10,100_000,merge,ok
3.65,55.040092086792,0:00:01,0.0,0.04296875,0,317.390625,375.78515625,267.84375,2386.9609375,41.97082128716526,unary_python,1.3114,1,hg38,bioframe,10,1_000_000,merge,ok
10.1,693.4429053544998,0:00:07,0.0,0.04296875,0,2049.5029296875,2106.9453125,2000.1796875,4199.19921875,92.18215838660846,unary_python,7.5225,1,hg38,bioframe,10,10_000_000,merge,ok
3.2,0.0,0:00:00,0.09375,0.04296875,0,203.9130859375,262.4921875,153.18359375,2203.21484375,0.0,unary_python,0.7123,1,hg38,bioframe,100,10_000,merge,ok
3.2,0.0,0:00:00,0.078125,0.04296875,0,202.0830078125,257.98046875,153.984375,2199.53515625,0.0,unary_python,0.8121,1,hg38,bioframe,100,100_000,merge,ok
3.67,52.902227544784544,0:00:01,0.0,0.04296875,0,323.34765625,380.8828125,273.7265625,2391.9375,40.32581245722307,unary_python,1.3119,1,hg38,bioframe,100,1_000_000,merge,ok
9.04,584.9249696254731,0:00:06,0.0,0.046875,0,1537.8076171875,1632.33984375,1487.46484375,3738.10546875,92.55177984312448,unary_python,6.32,1,hg38,bioframe,100,10_000_000,merge,ok
3.22,0.0,0:00:00,0.00390625,0.04296875,0,204.5712890625,261.515625,155.66015625,2203.58984375,0.0,unary_python,0.7111,1,hg38,bioframe,1000,10_000,merge,ok
3.24,0.0,0:00:00,0.0,0.04296875,0,202.3203125,261.30078125,151.2734375,2202.62890625,0.0,unary_python,0.8115,1,hg38,bioframe,1000,100_000,merge,ok
3.67,52.79739904403687,0:00:01,0.0,0.04296875,0,352.0947265625,414.64453125,302.25,2430.27734375,43.61307263634874,unary_python,1.2106,1,hg38,bioframe,1000,1_000_000,merge,ok
7.890000000000001,473.8902288675308,0:00:05,0.01171875,0.04296875,0,946.8271484375,1003.7734375,897.91015625,3015.63671875,84.33681142188533,unary_python,5.619,1,hg38,bioframe,1000,10_000_000,merge,ok
7.859999999999999,468.7101767539978,0:00:05,0.31640625,0.046875,0,251.0087890625,308.453125,201.34765625,2319.4453125,89.83422973676629,unary_python,5.2175,1,proteome,bioframe,10,10_000,merge,ok
18.27,1517.771508336067,0:00:27,0.0,0.04296875,0,373.478515625,431.35546875,323.38671875,2444.1328125,54.70495884247861,unary_python,27.7447,1,proteome,bioframe,10,100_000,merge,ok
48.55,4536.093227744103,0:00:58,0.01171875,0.04296875,0,753.4453125,809.69921875,704.0625,2828.171875,77.82408302218228,unary_python,58.2865,1,proteome,bioframe,10,1_000_000,merge,ok
48.65,4551.97305316925,0:01:11,0.0,0.04296875,0,1337.671875,1414.11328125,1299.57421875,3432.6953125,63.47133902952962,unary_python,71.717,1,proteome,bioframe,10,10_000_000,merge,ok
7.85,470.0234643936157,0:00:05,0.05078125,0.04296875,0,264.3466796875,319.35546875,214.62890625,2330.94921875,88.39816827557905,unary_python,5.3171,1,proteome,bioframe,100,10_000,merge,ok
18.380000000000003,1517.6889134407045,0:00:28,0.0,0.04296875,0,366.857421875,426.47265625,314.84765625,2439.74609375,53.160233640012265,unary_python,28.5493,1,proteome,bioframe,100,100_000,merge,ok
48.41,4527.513497972488,0:00:55,0.0,0.04296875,0,731.421875,788.875,680.85546875,2806.9453125,80.87493238023481,unary_python,55.9817,1,proteome,bioframe,100,1_000_000,merge,ok
48.67,4546.886169433594,0:01:10,0.00390625,0.04296875,0,1158.73828125,1236.25,1120.515625,3252.67578125,64.76028558901967,unary_python,70.211,1,proteome,bioframe,100,10_000_000,merge,ok
7.89,472.0796788692475,0:00:05,0.09375,0.04296875,0,261.7412109375,320.1796875,211.30859375,2331.55078125,87.14234220888419,unary_python,5.4173,1,proteome,bioframe,1000,10_000,merge,ok
18.38,1523.1657541036602,0:00:27,0.0,0.04296875,0,372.453125,430.0078125,322.66015625,2442.55859375,54.69604706858804,unary_python,27.8478,1,proteome,bioframe,1000,100_000,merge,ok
48.41,4526.595379161835,0:01:05,0.0,0.04296875,0,653.5634765625,710.5078125,604.28515625,2721.5390625,68.58896555369151,unary_python,65.996,1,proteome,bioframe,1000,1_000_000,merge,ok
78.69000000000001,7553.560316157341,0:01:21,0.0234375,0.04296875,0,1309.708984375,1387.36328125,1271.52734375,3402.90625,92.31590161732043,unary_python,81.823,1,proteome,bioframe,1000,10_000_000,merge,ok
3.21,0.0,0:00:00,0.0,0.04296875,0,204.189453125,260.88671875,155.54296875,2202.76953125,0.0,unary_python,0.8115,1,hg38,bioframe,10,10_000,cluster,ok
3.17,0.0,0:00:00,0.0,0.04296875,0,203.4521484375,259.2734375,155.23828125,2200.98828125,0.0,unary_python,0.8113,1,hg38,bioframe,10,100_000,cluster,ok
3.66,51.859909415245056,0:00:01,0.0,0.04296875,0,353.3427734375,412.4921875,302.08203125,2424.6015625,39.54645607461887,unary_python,1.3114,1,hg38,bioframe,10,1_000_000,cluster,ok
11.17,799.926757144928,0:00:08,0.0,0.046875,0,2421.9482421875,2479.74609375,2372.3515625,4517.91796875,94.95842156349002,unary_python,8.424,1,hg38,bioframe,10,10_000_000,cluster,ok
3.23,0.0,0:00:00,0.0,0.04296875,0,204.53125,260.24609375,156.5703125,2202.77734375,0.0,unary_python,0.711,1,hg38,bioframe,100,10_000,cluster,ok
3.21,0.0,0:00:00,0.0,0.04296875,0,202.3359375,260.85546875,151.63671875,2202.94921875,0.0,unary_python,0.8115,1,hg38,bioframe,100,100_000,cluster,ok
3.71,51.92856335639953,0:00:01,0.0,0.04296875,0,301.2841796875,357.96484375,252.43359375,2369.73046875,36.76649151432835,unary_python,1.4124,1,hg38,bioframe,100,1_000_000,cluster,ok
9.07,584.9730715751648,0:00:06,0.0,0.04296875,0,2053.931640625,1957.09375,2003.27734375,3973.3671875,91.11524585952954,unary_python,6.4201,1,hg38,bioframe,100,10_000_000,cluster,ok
3.2,0.0,0:00:00,0.04296875,0.04296875,0,203.00390625,259.33984375,154.44921875,2200.98046875,0.0,unary_python,0.8114,1,hg38,bioframe,1000,10_000,cluster,ok
3.1900000000000004,0.0,0:00:00,0.0,0.04296875,0,202.828125,260.4140625,152.98828125,2202.78515625,0.0,unary_python,0.8113,1,hg38,bioframe,1000,100_000,cluster,ok
3.69,52.927924275398254,0:00:01,0.0,0.04296875,0,295.5498046875,356.11328125,242.8671875,2366.56640625,37.476305411326265,unary_python,1.4123,1,hg38,bioframe,1000,1_000_000,cluster,ok
8.45,528.6437227010726,0:00:05,0.0,0.04296875,0,1755.447265625,1508.1328125,1705.7578125,3518.7265625,89.27124817112694,unary_python,5.9218,1,hg38,bioframe,1000,10_000_000,cluster,ok
7.91,471.09107370376586,0:00:05,0.0,0.046875,0,250.9296875,308.37890625,201.5390625,2319.5078125,90.26824306695607,unary_python,5.2188,1,proteome,bioframe,10,10_000,cluster,ok
18.37,1518.3565294027326,0:00:27,0.0,0.04296875,0,373.5498046875,431.71875,322.9765625,2443.01953125,55.11865644017619,unary_python,27.5471,1,proteome,bioframe,10,100_000,cluster,ok
48.49,4531.945079302788,0:01:01,11.03515625,0.04296875,0,733.046875,790.39453125,682.578125,2807.9453125,73.94258459387206,unary_python,61.2901,1,proteome,bioframe,10,1_000_000,cluster,ok
48.76,4560.038496565819,0:01:13,0.00390625,0.04296875,0,1409.4091796875,1486.1640625,1371.11328125,3498.48046875,62.28561306437519,unary_python,73.2117,1,proteome,bioframe,10,10_000_000,cluster,ok
7.890000000000001,469.941275715828,0:00:05,0.0,0.046875,0,251.111328125,308.52734375,201.890625,2319.51171875,90.04365839978307,unary_python,5.219,1,proteome,bioframe,100,10_000,cluster,ok
18.39,1518.459598779678,0:00:28,0.0,0.04296875,0,369.7705078125,426.4609375,320.8046875,2439.375,53.00045879664211,unary_python,28.6499,1,proteome,bioframe,100,100_000,cluster,ok
48.46,4525.491501641273,0:01:02,0.0,0.04296875,0,681.5576171875,739.48828125,630.7421875,2756.296875,72.300322867233,unary_python,62.593,1,proteome,bioframe,100,1_000_000,cluster,ok
48.74,4555.808401393891,0:01:13,0.06640625,0.04296875,0,1222.61328125,1301.55859375,1184.15234375,3316.828125,61.63402222068883,unary_python,73.9171,1,proteome,bioframe,100,10_000_000,cluster,ok
7.85,470.9982166767121,0:00:05,0.0,0.04296875,0,266.361328125,323.34765625,217.3359375,2335.3203125,88.55808705968064,unary_python,5.3185,1,proteome,bioframe,1000,10_000,cluster,ok
18.42,1521.219626402855,0:00:27,0.0,0.04296875,0,373.3193359375,430.26953125,324.08984375,2443.328125,55.21646411870017,unary_python,27.5501,1,proteome,bioframe,1000,100_000,cluster,ok
48.41,4525.415523505211,0:01:05,0.0,0.04296875,0,659.6611328125,719.04296875,608.1796875,2729.20703125,69.20080185819684,unary_python,65.3954,1,proteome,bioframe,1000,1_000_000,cluster,ok
48.58,4539.461199426652,0:01:11,0.0,0.04296875,0,1232.8115234375,1309.87109375,1194.47265625,3325.84765625,63.38735157037525,unary_python,71.6146,1,proteome,bioframe,1000,10_000_000,cluster,ok
1.64,0.0,0:00:00,0.0,0.04296875,0,129.17578125,133.8125,126.57421875,1175.2265625,0.0,binary_python,0.5133,1,hg38,pyranges,10,10_000,nearest,ok
3.1100000000000003,0.0,0:00:00,0.05078125,0.046875,0,191.689453125,248.234375,142.9140625,2185.1328125,0.0,binary_python,0.6121,1,hg38,pyranges,10,100_000,nearest,ok
3.73,52.07676770687104,0:00:01,0.0,0.04296875,0,331.248046875,386.70703125,283.66796875,2424.55859375,32.24908518053443,binary_python,1.6148,1,hg38,pyranges,10,1_000_000,nearest,ok
14.93,1172.6129948854446,0:00:12,0.0,0.04296875,0,2637.8505859375,2696.953125,2586.75390625,4755.640625,95.86183904863364,binary_python,12.2323,1,hg38,pyranges,10,10_000_000,nearest,ok
1.75,0.0,0:00:00,0.0,0.04296875,0,130.0634765625,134.6953125,127.484375,1175.23046875,0.0,binary_python,0.5135,1,hg38,pyranges,100,10_000,nearest,ok
3.21,0.0,0:00:00,0.0,0.046875,0,213.3193359375,271.77734375,162.5703125,2207.76171875,0.0,binary_python,0.6147,1,hg38,pyranges,100,100_000,nearest,ok
4.33,105.64835562705994,0:00:01,0.0,0.04296875,0,441.8935546875,499.32421875,392.44921875,2519.98828125,55.18742028971068,binary_python,1.9144,1,hg38,pyranges,100,1_000_000,nearest,ok
14.94,1171.15929954052,0:00:12,0.875,0.04296875,0,2302.5380859375,2358.4765625,2254.73828125,4525.8984375,95.74557012744876,binary_python,12.232,1,hg38,pyranges,100,10_000_000,nearest,ok
1.6800000000000002,0.0,0:00:00,0.0,0.04296875,0,129.580078125,134.26953125,126.9921875,1175.23046875,0.0,binary_python,0.5129,1,hg38,pyranges,1000,10_000,nearest,ok
3.23,0.0,0:00:00,0.0,0.046875,0,192.896484375,248.828125,145.0234375,2185.12109375,0.0,binary_python,0.6137,1,hg38,pyranges,1000,100_000,nearest,ok
3.7,51.83954982757568,0:00:01,0.0,0.04296875,0,328.4072265625,386.984375,277.65234375,2424.55859375,34.21597149430048,binary_python,1.5151,1,hg38,pyranges,1000,1_000_000,nearest,ok
15.31,1214.8943556547165,0:00:12,0.0,0.04296875,0,2330.25,2421.734375,2282.859375,4525.8984375,94.67483052906012,binary_python,12.8323,1,hg38,pyranges,1000,10_000_000,nearest,ok
1.63,0.0,0:00:00,0.0,0.04296875,0,129.7294921875,134.40625,127.14453125,1175.23046875,0.0,binary_python,0.5129,1,proteome,pyranges,10,10_000,nearest,ok
3.26,0.0,0:00:00,0.0,0.04296875,0,202.4384765625,258.24609375,154.3046875,2194.19140625,0.0,binary_python,0.7134,1,proteome,pyranges,10,100_000,nearest,ok
4.83,157.7402629852295,0:00:02,0.12890625,0.04296875,0,423.4072265625,481.5703125,372.16796875,2490.03125,62.70027003519157,binary_python,2.5158,1,proteome,pyranges,10,1_000_000,nearest,ok
18.71,1553.0489531755447,0:00:25,0.0,0.04296875,0,1746.64453125,1822.57421875,1708.203125,4401.484375,61.98070261054088,binary_python,25.057,1,proteome,pyranges,10,10_000_000,nearest,ok
1.6800000000000002,0.0,0:00:00,0.0,0.04296875,0,129.2392578125,133.76171875,126.65234375,1175.23046875,0.0,binary_python,0.5131,1,proteome,pyranges,100,10_000,nearest,ok
3.14,0.0,0:00:00,0.0,0.04296875,0,201.8525390625,257.546875,153.8984375,2194.19140625,0.0,binary_python,0.7142,1,proteome,pyranges,100,100_000,nearest,ok
4.74,158.73514988422394,0:00:02,0.328125,0.04296875,0,416.9130859375,474.0703125,367.48828125,2484.1328125,65.71027524781127,binary_python,2.4157,1,proteome,pyranges,100,1_000_000,nearest,ok
18.87,1572.690358829498,0:00:23,0.48046875,0.04296875,0,1687.91796875,1763.35546875,1650.1953125,4125.5859375,66.7604023136322,binary_python,23.5572,1,proteome,pyranges,100,10_000_000,nearest,ok
1.65,0.0,0:00:00,0.0,0.04296875,0,129.5185546875,134.14453125,126.91796875,1175.234375,0.0,binary_python,0.5142,1,proteome,pyranges,1000,10_000,nearest,ok
3.0900000000000003,0.0,0:00:00,0.0,0.04296875,0,204.6318359375,261.73828125,155.0859375,2201.375,0.0,binary_python,0.714,1,proteome,pyranges,1000,100_000,nearest,ok
4.76,158.82978773117063,0:00:02,0.0,0.046875,0,407.060546875,463.5625,358.15625,2473.81640625,71.66170699719369,binary_python,2.2164,1,proteome,pyranges,1000,1_000_000,nearest,ok
18.81,1568.7230838060382,0:00:21,4.1328125,0.04296875,0,1729.0537109375,1784.421875,1680.7890625,4158.9609375,73.48058847153186,binary_python,21.3488,1,proteome,pyranges,1000,10_000_000,nearest,ok
1.64,0.0,0:00:00,0.0,0.04296875,0,128.94921875,133.56640625,126.3671875,1175.2265625,0.0,binary_python,0.5135,1,hg38,pyranges,10,10_000,intersection,ok
1.7,0.0,0:00:00,0.0,0.04296875,0,129.3876953125,134.0703125,126.7890625,1175.35546875,0.0,binary_python,0.6134,1,hg38,pyranges,10,100_000,intersection,ok
3.66,51.773809576034544,0:00:01,0.0,0.04296875,0,329.3974609375,388.41796875,281.6796875,2443.63671875,42.63184279496557,binary_python,1.2144,1,hg38,pyranges,10,1_000_000,intersection,ok
9.46,638.7505194664002,0:00:07,0.11328125,0.04296875,0,1557.515625,1615.3125,1507.62109375,3631.4375,87.23423290504742,binary_python,7.3222,1,hg38,pyranges,10,10_000_000,intersection,ok
1.62,0.0,0:00:00,0.0,0.04296875,0,129.119140625,133.890625,126.5234375,1175.23046875,0.0,binary_python,0.5123,1,hg38,pyranges,100,10_000,intersection,ok
1.6700000000000002,0.0,0:00:00,0.0,0.04296875,0,129.2734375,133.88671875,126.69140625,1175.23046875,0.0,binary_python,0.5142,1,hg38,pyranges,100,100_000,intersection,ok
3.71,54.0243490934372,0:00:01,0.0,0.04296875,0,325.47265625,382.87890625,276.09765625,2397.97265625,44.49005890264375,binary_python,1.2143,1,hg38,pyranges,100,1_000_000,intersection,ok
10.09,689.8596692323684,0:00:07,0.0,0.046875,0,1559.1640625,1615.1484375,1511.22265625,3631.4453125,94.19530996757916,binary_python,7.3237,1,hg38,pyranges,100,10_000_000,intersection,ok
1.62,0.0,0:00:00,0.0,0.04296875,0,128.9638671875,133.6328125,126.37109375,1175.2265625,0.0,binary_python,0.513,1,hg38,pyranges,1000,10_000,intersection,ok
3.1900000000000004,0.0,0:00:00,0.0,0.046875,0,197.5283203125,255.23828125,147.625,2192.359375,0.0,binary_python,0.6143,1,hg38,pyranges,1000,100_000,intersection,ok
3.67,50.76408462524414,0:00:01,0.0,0.04296875,0,365.662109375,428.07421875,315.59765625,2443.640625,41.743151639269534,binary_python,1.2161,1,hg38,pyranges,1000,1_000_000,intersection,ok
11.11,789.9843857288362,0:00:08,0.0,0.04296875,0,1561.7626953125,1621.42578125,1513.66015625,3878.71484375,91.52473292329852,binary_python,8.6314,1,hg38,pyranges,1000,10_000_000,intersection,ok
1.62,0.0,0:00:00,0.0,0.04296875,0,129.6884765625,134.3203125,127.10546875,1175.23046875,0.0,binary_python,0.5143,1,proteome,pyranges,10,10_000,intersection,ok
3.1500000000000004,0.0,0:00:00,0.5,0.046875,0,207.15234375,262.796875,159.17578125,2200.13671875,0.0,binary_python,0.6139,1,proteome,pyranges,10,100_000,intersection,ok
4.720000000000001,158.00042238235474,0:00:02,0.01171875,0.04296875,0,366.982421875,422.8671875,318.03515625,2458.47265625,71.2880307861907,binary_python,2.2164,1,proteome,pyranges,10,1_000_000,intersection,ok
18.81,1565.8028945684434,0:00:18,0.18359375,0.04296875,0,2225.8173828125,2303.53125,2188.01171875,4322.63671875,86.3120172861824,binary_python,18.1412,1,proteome,pyranges,10,10_000_000,intersection,ok
1.62,0.0,0:00:00,0.0,0.04296875,0,129.6298828125,134.39453125,127.03515625,1175.234375,0.0,binary_python,0.5128,1,proteome,pyranges,100,10_000,intersection,ok
3.16,0.0,0:00:00,2.42578125,0.04296875,0,212.294921875,264.65234375,163.5,2206.234375,0.0,binary_python,0.6155,1,proteome,pyranges,100,100_000,intersection,ok
4.25,104.90566909313202,0:00:02,0.0,0.04296875,0,352.9189453125,410.94140625,302.5078125,2435.7109375,52.02444540662023,binary_python,2.0165,1,proteome,pyranges,100,1_000_000,intersection,ok
18.93,1578.84363720417,0:00:23,0.0,0.04296875,0,2862.0810546875,2957.98046875,2824.30859375,5714.03125,68.49385817752919,binary_python,23.0509,1,proteome,pyranges,100,10_000_000,intersection,ok
1.64,0.0,0:00:00,0.0,0.04296875,0,129.9658203125,134.484375,127.53515625,1175.23046875,0.0,binary_python,0.5132,1,proteome,pyranges,1000,10_000,intersection,ok
3.17,0.0,0:00:00,0.0,0.046875,0,206.431640625,262.65234375,156.96484375,2200.265625,0.0,binary_python,0.6121,1,proteome,pyranges,1000,100_000,intersection,ok
4.760000000000001,159.86462931632997,0:00:02,0.0,0.04296875,0,491.09375,546.57421875,443.13671875,2558.140625,66.15989280161313,binary_python,2.4163,1,proteome,pyranges,1000,1_000_000,intersection,ok
139.02,13584.976994991302,0:02:29,0.0,0.04296875,0,42099.9736328125,42278.8515625,42061.203125,46789.20703125,91.13764941275296,binary_python,149.06,1,proteome,pyranges,1000,10_000_000,intersection,ok
1.6800000000000002,0.0,0:00:00,0.0,0.04296875,0,129.9775390625,134.6015625,127.39453125,1175.2265625,0.0,binary_python,0.5137,1,hg38,pyranges,10,10_000,subtract,ok
1.6800000000000002,0.0,0:00:00,0.0,0.04296875,0,128.7900390625,133.4453125,126.203125,1175.234375,0.0,binary_python,0.5139,1,hg38,pyranges,10,100_000,subtract,ok
3.64,53.98844826221466,0:00:01,0.0,0.04296875,0,372.515625,429.46484375,323.5078125,2443.63671875,44.4638899214002,binary_python,1.2142,1,hg38,pyranges,10,1_000_000,subtract,ok
10.04,686.8331954479218,0:00:07,0.41796875,0.04296875,0,1559.1220703125,1615.21484375,1510.90625,3631.44140625,90.07685924662228,binary_python,7.625,1,hg38,pyranges,10,10_000_000,subtract,ok
1.66,0.0,0:00:00,0.0,0.04296875,0,129.6728515625,134.34765625,127.09375,1175.234375,0.0,binary_python,0.5135,1,hg38,pyranges,100,10_000,subtract,ok
1.65,0.0,0:00:00,0.0,0.04296875,0,129.875,134.58203125,127.2890625,1175.23046875,0.0,binary_python,0.5132,1,hg38,pyranges,100,100_000,subtract,ok
3.7,53.75240077972412,0:00:01,0.0,0.04296875,0,371.1357421875,428.5078125,321.59375,2443.6328125,40.88432459251485,binary_python,1.3147,1,hg38,pyranges,100,1_000_000,subtract,ok
10.13,691.7891824245454,0:00:07,0.0,0.04296875,0,1556.94140625,1615.55078125,1506.34375,3631.56640625,90.7432757088381,binary_python,7.6236,1,hg38,pyranges,100,10_000_000,subtract,ok
1.6700000000000002,0.0,0:00:00,0.0,0.04296875,0,129.5859375,134.234375,127.00390625,1175.234375,0.0,binary_python,0.5134,1,hg38,pyranges,1000,10_000,subtract,ok
3.16,0.0,0:00:00,0.0,0.046875,0,199.8447265625,255.74609375,151.78515625,2192.37109375,0.0,binary_python,0.6134,1,hg38,pyranges,1000,100_000,subtract,ok
3.77,52.82092366218567,0:00:01,2.25390625,0.04296875,0,339.193359375,401.38671875,288.69921875,2443.6328125,43.51323197196261,binary_python,1.2139,1,hg38,pyranges,1000,1_000_000,subtract,ok
12.21,903.9453633069992,0:00:09,0.0,0.046875,0,1278.0625,1355.67578125,1229.25,3631.43359375,96.939151204576,binary_python,9.3249,1,hg38,pyranges,1000,10_000_000,subtract,ok
1.62,0.0,0:00:00,0.08984375,0.04296875,0,129.3212890625,133.86328125,126.7265625,1175.23046875,0.0,binary_python,0.513,1,proteome,pyranges,10,10_000,subtract,ok
3.1900000000000004,0.0,0:00:00,0.0,0.04296875,0,203.1591796875,259.2734375,154.515625,2194.75,0.0,binary_python,0.6123,1,proteome,pyranges,10,100_000,subtract,ok
4.27,105.8700635433197,0:00:01,0.05859375,0.04296875,0,322.8203125,380.01171875,272.52734375,2392.078125,55.30341269868946,binary_python,1.9143,1,proteome,pyranges,10,1_000_000,subtract,ok
17.099999999999998,1395.163647055626,0:00:14,0.01171875,0.04296875,0,1962.029296875,2058.00390625,1923.65234375,4316.8359375,95.98328493906752,binary_python,14.5355,1,proteome,pyranges,10,10_000_000,subtract,ok
1.64,0.0,0:00:00,0.015625,0.04296875,0,129.0546875,133.75390625,126.46484375,1175.22265625,0.0,binary_python,0.5121,1,proteome,pyranges,100,10_000,subtract,ok
3.14,0.0,0:00:00,0.0,0.046875,0,206.521484375,262.9453125,157.81640625,2200.1171875,0.0,binary_python,0.6122,1,proteome,pyranges,100,100_000,subtract,ok
4.17,104.9039503097534,0:00:02,0.88671875,0.04296875,0,354.400390625,412.09765625,304.25,2435.71484375,52.03657497841956,binary_python,2.016,1,proteome,pyranges,100,1_000_000,subtract,ok
16.78,1353.1602004289628,0:00:14,0.0,0.04296875,0,2187.0224609375,2264.2578125,2149.17578125,4276.1328125,96.40792402195068,binary_python,14.0358,1,proteome,pyranges,100,10_000_000,subtract,ok
1.6700000000000002,0.0,0:00:00,0.03515625,0.04296875,0,129.3486328125,133.9921875,126.765625,1175.23046875,0.0,binary_python,0.5138,1,proteome,pyranges,1000,10_000,subtract,ok
3.14,0.0,0:00:00,0.0,0.04296875,0,202.642578125,257.921875,154.75390625,2194.1875,0.0,binary_python,0.7143,1,proteome,pyranges,1000,100_000,subtract,ok
4.220000000000001,105.90083069801332,0:00:02,0.0,0.04296875,0,350.443359375,407.578125,300.6015625,2431.01953125,52.53304960442348,binary_python,2.0159,1,proteome,pyranges,1000,1_000_000,subtract,ok
17.91,1472.7935922861095,0:00:15,579.78125,0.046875,0,2249.6533203125,2192.00390625,2200.15234375,4327.671875,96.00754501274488,binary_python,15.3404,1,proteome,pyranges,1000,10_000_000,subtract,ok
1.6700000000000002,0.0,0:00:00,0.0,0.04296875,0,129.056640625,133.60546875,126.46875,1175.234375,0.0,unary_python,0.512,1,hg38,pyranges,10,10_000,merge,ok
1.62,0.0,0:00:00,0.8046875,0.04296875,0,129.154296875,133.80859375,126.5703125,1175.2265625,0.0,unary_python,0.5097,1,hg38,pyranges,10,100_000,merge,ok
3.17,0.0,0:00:00,0.0,0.04296875,0,223.4287109375,279.23828125,175.40234375,2239.44140625,0.0,unary_python,0.9109,1,hg38,pyranges,10,1_000_000,merge,ok
8.48,531.8253887176513,0:00:05,0.0,0.046875,0,1016.9541015625,1076.83984375,969.234375,3239.62109375,91.41126554290256,unary_python,5.8179,1,hg38,pyranges,10,10_000_000,merge,ok
1.6700000000000002,0.0,0:00:00,0.0,0.04296875,0,129.71875,134.40234375,127.13671875,1175.2265625,0.0,unary_python,0.511,1,hg38,pyranges,100,10_000,merge,ok
1.65,0.0,0:00:00,0.20703125,0.04296875,0,129.2236328125,133.85546875,126.640625,1175.23046875,0.0,unary_python,0.5152,1,hg38,pyranges,100,100_000,merge,ok
3.14,0.0,0:00:00,0.0,0.04296875,0,225.703125,280.26953125,178.8359375,2239.453125,0.0,unary_python,0.9119,1,hg38,pyranges,100,1_000_000,merge,ok
7.39,422.9824575185776,0:00:05,0.0,0.04296875,0,1007.595703125,1064.80078125,958.3828125,3239.7421875,84.31519987776528,unary_python,5.0167,1,hg38,pyranges,100,10_000_000,merge,ok
1.6700000000000002,0.0,0:00:00,0.0,0.04296875,0,129.3486328125,133.921875,126.7578125,1175.23046875,0.0,unary_python,0.511,1,hg38,pyranges,1000,10_000,merge,ok
1.65,0.0,0:00:00,0.0,0.04296875,0,129.9267578125,134.59375,127.33984375,1175.23046875,0.0,unary_python,0.6122,1,hg38,pyranges,1000,100_000,merge,ok
3.18,0.0,0:00:00,0.0,0.04296875,0,224.4814453125,262.9765625,176.91796875,2216.265625,0.0,unary_python,0.9108,1,hg38,pyranges,1000,1_000_000,merge,ok
6.85,369.7715303182602,0:00:04,0.0,0.04296875,0,1008.70703125,1065.6015625,959.765625,3239.75390625,83.72007379446752,unary_python,4.4168,1,hg38,pyranges,1000,10_000_000,merge,ok
1.61,0.0,0:00:00,0.0,0.04296875,0,129.94921875,134.6328125,127.36328125,1175.2265625,0.0,unary_python,0.4097,1,proteome,pyranges,10,10_000,merge,ok
3.1900000000000004,0.0,0:00:00,0.0,0.046875,0,191.0078125,247.2578125,142.703125,2183.6875,0.0,unary_python,0.6112,1,proteome,pyranges,10,100_000,merge,ok
3.69,52.81063978672027,0:00:01,0.390625,0.04296875,0,275.89453125,330.3125,228.01953125,2345.56640625,34.924503327860606,unary_python,1.5121,1,proteome,pyranges,10,1_000_000,merge,ok
12.81,963.5841049671174,0:00:09,0.0,0.046875,0,1062.005859375,1157.0859375,1024.109375,3431.34765625,97.07059410672392,unary_python,9.9266,1,proteome,pyranges,10,10_000_000,merge,ok
1.6700000000000002,0.0,0:00:00,0.0,0.04296875,0,129.42578125,134.35546875,126.828125,1175.23046875,0.0,unary_python,0.511,1,proteome,pyranges,100,10_000,merge,ok
3.1500000000000004,0.0,0:00:00,0.1015625,0.04296875,0,196.154296875,251.1484375,148.53515625,2187.75390625,0.0,unary_python,0.7102,1,proteome,pyranges,100,100_000,merge,ok
3.68,52.92110869884491,0:00:01,0.0,0.04296875,0,275.33984375,330.44921875,227.1484375,2345.69140625,35.011690095102324,unary_python,1.5115,1,proteome,pyranges,100,1_000_000,merge,ok
11.7,853.7020197868347,0:00:09,0.00390625,0.04296875,0,946.9892578125,1039.70703125,909.140625,3434.171875,93.53455702211244,unary_python,9.1271,1,proteome,pyranges,100,10_000_000,merge,ok
1.78,0.0,0:00:00,0.0,0.04296875,0,129.169921875,133.71875,126.58203125,1175.2265625,0.0,unary_python,0.5103,1,proteome,pyranges,1000,10_000,merge,ok
3.17,0.0,0:00:00,0.0,0.046875,0,190.27734375,246.78125,141.4453125,2183.8125,0.0,unary_python,0.6109,1,proteome,pyranges,1000,100_000,merge,ok
3.66,52.91738977432252,0:00:01,0.0,0.04296875,0,238.05078125,299.1953125,189.40234375,2338.671875,40.31514050890978,unary_python,1.3126,1,proteome,pyranges,1000,1_000_000,merge,ok
12.249999999999998,904.5838629961016,0:00:09,0.0,0.046875,0,1135.9794921875,1228.2421875,1098.24609375,3443.28515625,94.9495407981498,unary_python,9.527,1,proteome,pyranges,1000,10_000_000,merge,ok
1.65,0.0,0:00:00,0.0,0.04296875,0,129.4287109375,134.0390625,126.84765625,1175.23046875,0.0,unary_python,0.5111,1,hg38,pyranges,10,10_000,cluster,ok
1.65,0.0,0:00:00,0.0,0.04296875,0,129.4853515625,134.12109375,126.90625,1175.23046875,0.0,unary_python,0.5097,1,hg38,pyranges,10,100_000,cluster,ok
3.1500000000000004,0.0,0:00:00,0.0,0.04296875,0,219.259765625,258.9765625,171.625,2203.8828125,0.0,unary_python,0.9126,1,hg38,pyranges,10,1_000_000,cluster,ok
7.88,476.7939669132233,0:00:05,0.0,0.04296875,0,1048.73046875,1106.27734375,999.4765625,3163.31640625,83.36149161390796,unary_python,5.7196,1,hg38,pyranges,10,10_000_000,cluster,ok
1.6700000000000002,0.0,0:00:00,0.0,0.04296875,0,129.3046875,133.93359375,126.72265625,1175.2265625,0.0,unary_python,0.5108,1,hg38,pyranges,100,10_000,cluster,ok
1.66,0.0,0:00:00,0.0,0.04296875,0,129.8408203125,134.515625,127.25390625,1175.234375,0.0,unary_python,0.6109,1,hg38,pyranges,100,100_000,cluster,ok
3.2,0.0,0:00:01,0.0,0.04296875,0,220.5498046875,277.54296875,172.5390625,2236.8125,0.0,unary_python,1.0108,1,hg38,pyranges,100,1_000_000,cluster,ok
7.84,476.0187530279159,0:00:05,0.0,0.04296875,0,1049.986328125,1106.4453125,1001.46875,3163.3203125,83.255648470608,unary_python,5.7176,1,hg38,pyranges,100,10_000_000,cluster,ok
1.65,0.0,0:00:00,0.96484375,0.04296875,0,129.1015625,133.78515625,126.515625,1175.23046875,0.0,unary_python,0.511,1,hg38,pyranges,1000,10_000,cluster,ok
1.64,0.0,0:00:00,0.0,0.04296875,0,129.630859375,134.28515625,127.046875,1175.23046875,0.0,unary_python,0.6117,1,hg38,pyranges,1000,100_000,cluster,ok
3.25,0.0,0:00:00,0.0,0.04296875,0,209.689453125,266.52734375,162.89453125,2203.8984375,0.0,unary_python,0.9105,1,hg38,pyranges,1000,1_000_000,cluster,ok
7.930000000000001,473.9857060670853,0:00:05,0.0,0.04296875,0,1049.427734375,1107.0234375,999.9453125,3163.3125,84.35641609667832,unary_python,5.6188,1,hg38,pyranges,1000,10_000_000,cluster,ok
1.63,0.0,0:00:00,0.0,0.04296875,0,129.77734375,134.48046875,127.1953125,1175.234375,0.0,unary_python,0.5099,1,proteome,pyranges,10,10_000,cluster,ok
3.16,0.0,0:00:00,0.078125,0.046875,0,201.4912109375,259.33203125,151.26171875,2197.69921875,0.0,unary_python,0.6111,1,proteome,pyranges,10,100_000,cluster,ok
4.2,104.89242467880248,0:00:01,0.13671875,0.04296875,0,335.197265625,391.65625,285.66796875,2415.73046875,61.211684170763554,unary_python,1.7136,1,proteome,pyranges,10,1_000_000,cluster,ok
15.0,1180.0057657480238,0:00:12,0.0,0.046875,0,1301.8837890625,1377.7109375,1263.8359375,3463.2734375,94.91252269064388,unary_python,12.4326,1,proteome,pyranges,10,10_000_000,cluster,ok
1.64,0.0,0:00:00,0.0,0.04296875,0,129.3291015625,133.9921875,126.73828125,1175.23046875,0.0,unary_python,0.5108,1,proteome,pyranges,100,10_000,cluster,ok
3.23,0.0,0:00:00,0.1328125,0.046875,0,188.84375,246.55859375,138.8984375,2183.8125,0.0,unary_python,0.6103,1,proteome,pyranges,100,100_000,cluster,ok
3.66,52.05288157463074,0:00:01,0.0,0.04296875,0,275.11328125,333.3515625,223.90234375,2345.5625,34.41262651816279,unary_python,1.5126,1,proteome,pyranges,100,1_000_000,cluster,ok
15.01,1177.534294176102,0:00:12,0.0703125,0.046875,0,1302.708984375,1380.296875,1263.86328125,3463.38671875,97.06264514283976,unary_python,12.1317,1,proteome,pyranges,100,10_000_000,cluster,ok
1.6700000000000002,0.0,0:00:00,0.0,0.04296875,0,129.498046875,134.125,126.9140625,1175.22265625,0.0,unary_python,0.5122,1,proteome,pyranges,1000,10_000,cluster,ok
3.17,0.0,0:00:00,0.3125,0.046875,0,203.6416015625,259.625,155.1953125,2197.69921875,0.0,unary_python,0.6135,1,proteome,pyranges,1000,100_000,cluster,ok
3.7,52.90151996612549,0:00:01,0.0,0.04296875,0,274.5693359375,330.171875,226.6953125,2344.73828125,34.979805534496364,unary_python,1.5123,1,proteome,pyranges,1000,1_000_000,cluster,ok
13.88,1068.9110736370087,0:00:11,0.0,0.04296875,0,1310.73046875,1386.63671875,1273.04296875,3470.41796875,93.50897634766248,unary_python,11.4311,1,proteome,pyranges,1000,10_000_000,cluster,ok
